Timestamp,كم يبلغ عمرك,الجنس,  ​ما هو نوع الخدمة التي تلقيتها اليوم/خلال زيارتك الأخيرة؟  ,  هل هذه زيارتك الأولى لهذه المنشأة؟  ,  أنت  ,"   كيف تقيّم سهولة الحصول على موعد؟ (1: صعب جداً، 5: سهل جداً) ",  ما هي المدة التي انتظرتها من وقت حجز الموعد حتى يوم الكشف الفعلي؟  ,"  كيف تقيّم سهولة الوصول إلى موقع المستشفى/الوحدة الصحية؟   (1: صعب جداً، 5: سهل جداً)",  هل كانت اللافتات الإرشادية داخل المنشأة واضحة وكافية للوصول إلى وجهتك؟  ,"  كيف تقيّم لطف وحسن تعامل موظفي الاستقبال؟ (1:سئ، 5: ممتاز)",  ما هي مدة انتظارك في منطقة الاستقبال قبل تسجيل بياناتك؟,"  كيف تقيّم وضوح الإجراءات المتبعة عند التسجيل؟ (1:سئ، 5: ممتاز) ","  ما مدى رضاك عن نظافة ومستوى الراحة في منطقة الانتظار الرئيسية؟  (1:سئ، 5: ممتاز)",  كم من الوقت انتظرت في منطقة الانتظار قبل رؤية الطبيب؟  ,"  كيف تقيّم مدى اهتمام الممرض/الممرضة بالاستماع إليك؟ (1:سئ، 5: ممتاز)","  إلى أي مدى شعرت بالاحترام والتعاطف من قبل فريق التمريض؟   (1:سئ، 5: ممتاز)",  هل قام فريق التمريض بتقديم أنفسهم وشرح الإجراءات التي يقومون بها؟  ,"  كيف تقيّم سرعة استجابة التمريض عند طلب المساعدة؟ ​ سهل جداً  (1:سئ، 5: ممتاز)",  هل استمع الطبيب جيداً لشرحك لحالتك الصحية؟  ,"  ما مدى رضاك عن الوقت الذي خصصه الطبيب لك؟   (1:سئ، 5: ممتاز)","  كيف تقيّم وضوح شرح الطبيب لتشخيص حالتك؟   (1:سئ، 5: ممتاز)",  هل أشركك الطبيب في القرارات المتعلقة بخطتك العلاجية؟  ,  هل شعرت بالراحة في طرح الأسئلة على الطبيب؟  ,  هل أجاب الطبيب على جميع استفساراتك بطريقة مفهومة؟  ,"  كيف تقيّم مستوى الثقة الذي شعرت به تجاه طبيبك المعالج؟   (1:سئ، 5: ممتاز)","  كيف تقيّم مستوى نظافة الغرف؟ (1:سئ، 5: ممتاز)",  هل شعرت بأن خصوصيتك تم احترامها أثناء الكشف والعلاج؟  ,"  كيف تقيّم مستوى الهدوء وقلة الإزعاج في المنشأة؟   (1:سئ، 5: ممتاز)","  ما مدى رضاك عن جودة الوجبات المقدمة (في حال الاقامة)؟   (1:سئ، 5: ممتاز)","  هل كانت المرافق (مثل دورات المياه، الكافيتريا) متاحة وسهلة الاستخدام؟  ",  هل تم شرح الفحوصات أو الإجراءات الطبية لك بوضوح قبل إجرائها؟  ,"  إذا كنت تعاني من ألم، كيف تقيّم اهتمام الفريق الطبي بالسيطرة عليه؟  (1:سئ، 5: ممتاز)","  هل تم تزويدك بمعلومات واضحة حول الأدوية التي وصفت لك (الجرعة، الآثار الجانبية)؟  ",  كيف تقيّم التنسيق بين الأقسام المختلفة (مثلاً بين الطبيب والمختبر والأشعة)؟,"   كيف تقيّم وضوح الفواتير والتكاليف المالية للخدمة؟    (1:سئ، 5: ممتاز)",  هل قام الموظفون بشرح ما يغطيه تأمينك الصحي (إن وجد) بوضوح؟  ,"  كيف تقيّم سهولة وسرعة إجراءات الخروج من المستشفى (في حال الاقامة)؟  (1: صعب جداً، 5: سهل جداً)","  بشكل عام، ما مدى رضاك عن الرعاية التي تلقيتها في هذه الزيارة؟   (1:سئ، 5: ممتاز)","  إلى أي مدى توصي بالمنشأت الصحية الحكومية لعائلتك وأصدقائك؟  (1:سئ، 5: ممتاز)",  ما هو أفضل شيء في التجربة التي مررت بها؟  ,  ما هو أكثر شيء يحتاج إلى تحسين من وجهة نظرك؟  ,  هل لديك أي اقتراحات إضافية للمساعدة في تحسين خدماتنا؟  ,"كيف تقييم الراحة فى الدفع؟  (1:سئ، 5: ممتاز)",هل هناك طرق مختلفة للدفع؟,"  كيف تقيّم مستوى نظافة الممرات؟  (1:سئ، 5: ممتاز)","  كيف تقيّم مستوى نظافة دورات المياه؟     (1:سئ، 5: ممتاز)"
28/09/2025 18:35:07,19,ذكر,كشف في عيادة خارجية,لا,مريض,4,في حدود الساعة ,1,نعم,1,دقيقة,4,3,ساعة,3,1,لا,1,نعم,4,4,لا,نعم,نعم,3,3,نعم,3,,نعم,نعم,2,نعم,2,4,,,2,3,الحاجة الوحيدة الكويسية ان المستشفة جنب البيت ,قسم الطواريء مينفعش تخشه غير لو كونت بتموت ,لا,,,,
28/09/2025 18:46:18,24,ذكر,إجراء فحوصات أو أشعة,لا,مريض,3,يوم ,4,نعم,4,ساعه,4,5,ساعه,3,3,نعم,4,نعم,4,3,نعم,نعم,نعم,4,3,لا,2,3,نعم,نعم,4,لا,3,2,نعم,3,3,2,.,.,".
",,,,
07/10/2025 19:23:58,18 year - 29 year,ذكر,عملية جراحية,نعم,مرافق,4,يومين - اكثر,4,نعم,5,ساعة - ساعتين,4,5,دقيقة - 30 دقيقة,5,5,نعم,5,نعم,5,5,نعم,نعم,نعم,5,5,نعم,5,5,نعم,نعم,5,نعم,5,3,نعم,4,5,4,الاهتمام والاحترام المتبادل ,تقليل فترات الانتظار خصوصا فى العيادات الخارجية ,لا,4,لا,5,5
07/10/2025 19:28:20,18 year - 29 year,ذكر,إجراء فحوصات أو أشعة,لا,مريض,5,دقيقة - 30 دقيقة,5,نعم,5,دقيقة - 30 دقيقة,5,5,دقيقة - 30 دقيقة,5,5,نعم,5,نعم,5,5,نعم,نعم,نعم,5,5,نعم,5,5,نعم,نعم,5,نعم,5,5,نعم,5,5,5,.,.,.,5,نعم,5,5
07/10/2025 19:30:28,18 year - 29 year,ذكر,قسم الطوارئ,نعم,مرافق,3,ساعة - ساعتين,2,نعم,2,دقيقة - 30 دقيقة,3,4,ساعة - ساعتين,4,5,نعم,5,نعم,3,4,نعم,نعم,نعم,4,4,نعم,1,3,نعم,نعم,5,نعم,5,5,نعم,4,5,3,الرعاية الطبية,وقت الانتظار ,الاهتمام للوقت انتظار طبيب الطوارئ,4,لا,5,3
07/10/2025 19:36:17,18 year - 29 year,ذكر,قسم الطوارئ,لا,مريض,3,30 دقيقة - ساعة,3,نعم,4,دقيقة - 30 دقيقة,3,3,30 دقيقة - ساعة,4,3,لا,3,نعم,2,3,نعم,نعم,نعم,3,3,لا,3,3,نعم,نعم,2,لا,3,3,لا,2,3,3,.,.,.,2,نعم,3,2
07/10/2025 19:37:04,18 year - 29 year,أنثى,كشف في عيادة خارجية,لا,مريض,5,ساعة - ساعتين,3,لا,3,دقيقة - 30 دقيقة,3,3,ساعة - ساعتين,2,1,لا,2,نعم,4,3,نعم,نعم,نعم,4,4,لا,1,3,نعم,نعم,4,نعم,3,4,لا,5,3,3,لا يوجد,لا يوجد ,لا ,3,لا,4,1
07/10/2025 19:39:03,18 year - 29 year,ذكر,كشف في عيادة خارجية,نعم,مرافق,3,ساعتين - 4 ساعات,2,نعم,2,ساعة - ساعتين,3,3,ساعة - ساعتين,3,3,لا,3,نعم,4,5,نعم,لا,لا,3,3,لا,2,4,لا,نعم,1,نعم,1,1,نعم,5,1,3,..,..,..,1,نعم,5,1
07/10/2025 19:43:57,18 year - 29 year,ذكر,عملية جراحية,لا,مريض,3,ساعة - ساعتين,2,نعم,5,دقيقة - 30 دقيقة,4,5,ساعة - ساعتين,5,5,لا,4,نعم,5,5,نعم,نعم,نعم,5,5,نعم,3,5,نعم,نعم,5,نعم,5,3,,5,5,4,-,-,-,5,نعم,5,3
07/10/2025 19:44:06,18 year - 29 year,أنثى,كشف في عيادة خارجية,نعم,مرافق,5,30 دقيقة - ساعة,1,نعم,5,30 دقيقة - ساعة,5,5,دقيقة - 30 دقيقة,5,5,نعم,5,نعم,5,5,نعم,نعم,نعم,5,5,نعم,5,4,نعم,نعم,5,نعم,5,5,نعم,5,5,5,الاهتمام بالمرضى ,دورات المياه,لا,5,نعم,5,4
07/10/2025 19:45:37,18 year - 29 year,ذكر,كشف في عيادة خارجية,نعم,مرافق,4,دقيقة - 30 دقيقة,5,نعم,4,دقيقة - 30 دقيقة,4,5,دقيقة - 30 دقيقة,5,5,نعم,5,نعم,5,4,نعم,ربما,نعم,5,5,نعم,5,5,نعم,نعم,5,نعم,5,4,نعم,4,5,5,"سهوله التعامل
",لا شيء,لا شيء,5,نعم,5,5
07/10/2025 19:46:20,18 year - 29 year,ذكر,كشف في عيادة خارجية,نعم,مرافق,5,دقيقة - 30 دقيقة,5,نعم,5,دقيقة - 30 دقيقة,5,5,دقيقة - 30 دقيقة,5,5,نعم,5,نعم,5,5,نعم,نعم,نعم,5,5,نعم,5,4,نعم,نعم,5,نعم,5,5,نعم,5,5,5,.,.,.,5,نعم,5,5
07/10/2025 19:47:14,18 year - 29 year,أنثى,كشف في عيادة خارجية,نعم,مرافق,5,30 دقيقة - ساعة,4,نعم,4,ساعة - ساعتين,4,4,30 دقيقة - ساعة,4,4,نعم,4,نعم,4,5,نعم,نعم,نعم,5,4,نعم,5,5,نعم,نعم,5,نعم,4,4,نعم,4,4,4,الراحه والاطمئنان ,لا شي ,لا هي جيده كفايه ,4,نعم,4,4
07/10/2025 19:51:03,18 year - 29 year,أنثى,كشف في عيادة خارجية,لا,مريض,5,30 دقيقة - ساعة,5,لا,3,دقيقة - 30 دقيقة,4,2,30 دقيقة - ساعة,1,1,لا,1,لا,2,1,لا,لا,نعم,3,4,نعم,1,1,لا,لا,3,لا,3,1,لا,2,2,1,.,.,.,1,لا,2,1
07/10/2025 19:51:31,18 year - 29 year,أنثى,إجراء فحوصات أو أشعة,لا,مريض,3,دقيقة - 30 دقيقة,5,لا,5,دقيقة - 30 دقيقة,5,5,دقيقة - 30 دقيقة,5,5,لا,3,لا,3,2,نعم,ربما,لا,3,5,نعم,3,,نعم,نعم,3,لا,2,3,نعم,,3,1,.,.,.,5,لا,5,3
07/10/2025 19:54:03,18 year - 29 year,ذكر,قسم الطوارئ,نعم,مريض,4,30 دقيقة - ساعة,3,نعم,5,دقيقة - 30 دقيقة,5,5,دقيقة - 30 دقيقة,4,5,نعم,4,نعم,4,5,نعم,نعم,نعم,5,5,نعم,4,4,نعم,نعم,4,نعم,4,5,نعم,5,5,4,الخدمة ممتازة و تعامل طاقم العمل في قمة الاحترام ,وقت الانتظار,لا,4,نعم,4,4
07/10/2025 19:55:54,60 year - more,ذكر,إجراء فحوصات أو أشعة,لا,مريض,4,ساعة - ساعتين,3,لا,1,30 دقيقة - ساعة,3,2,ساعة - ساعتين,2,2,لا,2,لا,1,2,لا,ربما,لا,3,2,ربما,1,1,لا,لا,3,لا,3,1,لا,2,1,1,لا توجد عنايه بالمريض فى كل مكان ,دورات تدريبيه للأطباء والممرضين ,اهم شىء يكون فيه ضمير من الجميع ,3,لا,2,2
07/10/2025 19:55:54,18 year - 29 year,أنثى,إجراء فحوصات أو أشعة,نعم,مريض,4,30 دقيقة - ساعة,4,نعم,4,دقيقة - 30 دقيقة,4,2,30 دقيقة - ساعة,2,2,لا,2,نعم,4,3,لا,ربما,نعم,4,2,نعم,1,,نعم,نعم,4,لا,3,3,لا,,4,4,اهتمام اكثر من طبيب بالحالة و تشخيصها,النظافة ,لا,4,لا,2,3
07/10/2025 20:00:19,18 year - 29 year,ذكر,إجراء فحوصات أو أشعة,نعم,مرافق,3,30 دقيقة - ساعة,4,نعم,5,دقيقة - 30 دقيقة,4,3,30 دقيقة - ساعة,4,5,نعم,4,نعم,4,4,نعم,نعم,نعم,4,4,نعم,4,3,نعم,نعم,4,نعم,4,4,نعم,3,4,4,سهولة تلقي العلاج,المكان حول العيادة,لا,4,نعم,3,3
07/10/2025 20:06:40,18 year - 29 year,ذكر,إجراء فحوصات أو أشعة,لا,مريض,3,30 دقيقة - ساعة,5,لا,5,30 دقيقة - ساعة,4,1,30 دقيقة - ساعة,5,5,لا,5,نعم,1,4,نعم,نعم,نعم,5,2,نعم,1,,لا,نعم,3,لا,5,5,,,4,3,أفضل شيئ قابلته كان شطارة و تمكّن الطبيب من عمله ما شاء الله عليه,أكتر من شيئ الصراحة فمثلاً نظافة المرافق مش أحسن حاجة في المستشفيات الحكومية و كذلك يعتبر مفيش هدوء بسبب العدد الكبير لو المستشفى مركزية و بيتجه ليها عدد كبير من الناس بالإضافة إلى إن الوقت المخصص للكشف بيكون قليل جداً عشان الطبيب يلحق يخلص العدد ده كله و هو ما يقلل من جودة التجربة,"لأ شكراً أهم حاجة بس ركزوا على :
وقت الكشف يكون كافي للمريض
نظافة المستشفى و ممراتها
الحفاظ على الهدوء لكي لا نزعج المرضى",5,لا,2,2
07/10/2025 20:06:42,18 year - 29 year,أنثى,كشف في عيادة خارجية,نعم,مريض,3,30 دقيقة - ساعة,2,نعم,1,30 دقيقة - ساعة,2,3,دقيقة - 30 دقيقة,1,1,لا,1,لا,1,1,لا,لا,لا,1,3,لا,2,1,لا,لا,1,لا,1,3,لا,1,1,1,لا شئ ,"الأطباء مش بيسمعو لأي بنت.
انا رحت ونا 18 سنة للعظام اتريق على الحالة و قالي اني بأڤور ف وجع رجلي عشان مروحش الدراسة (عندي تكيس 6 سنتي مفرغلي عظمي بشكل جزئي و صعب التعامل عشان العظم ميتكسرش).
و النسا بقالي من ونا 12 سنة عايزة تشخيص و كلهم بهايم بلا استثناء إلى الآن مفيش حد عايز يتعامل اصلا عشان حالتي ""نادرة"" و ""مش مشكلة اقعدي فالبيت يوم متتعبي مش حوار يعني"".
دا ١٠٠٪ عشان بنت بس ممكن بردو عشان السن مع أنه غباء يعني المرض ميعرفش سن،و اذا كنت 50 كانو هيقولو ""عادي دا مع السن بيحصل عادي"".
","لازم تنبيه لأخلاقيات المهنة و الاهتمام بالمريض و السماع و امتحان اخلاقيات الدكاترة كل شهر.
لازم يشوفو الحالة من جميع النواحي عشان الجسم مش أعضاء منفصلة هي كلها شبكات.
لازم رقابة فوقهم و surveys زي كدا لكل مريض بعد كل كشف و يقول الي حصل بكل التفاصيل،لازم الدكاترة تعرف مش عشان هم كويسين طبيا أنهم دكاترة كويسة فعلا،الدكتور الكويس حتى لو مش عارف الحالة بيرشدك لدكتور احسن منه مش بيهبد ولا بيستعبط ع الحالة.",1,نعم,3,2
07/10/2025 20:06:56,18 year - 29 year,ذكر,إجراء فحوصات أو أشعة,نعم,مرافق,3,4 ساعات - 6 ساعات,4,نعم,5,30 دقيقة - ساعة,5,5,دقيقة - 30 دقيقة,5,5,نعم,5,نعم,5,5,نعم,نعم,نعم,5,5,نعم,5,5,نعم,نعم,5,نعم,5,5,نعم,5,5,5,التعامل مع الأطباء,الهدوء,لا,5,نعم,5,5
07/10/2025 20:07:30,18 year - 29 year,أنثى,عملية جراحية,لا,مريض,2,دقيقة - 30 دقيقة,3,نعم,4,دقيقة - 30 دقيقة,3,2,دقيقة - 30 دقيقة,3,3,نعم,3,نعم,4,4,لا,نعم,نعم,4,4,ربما,3,3,نعم,نعم,4,نعم,3,4,نعم,3,4,4,حسن استماع الدكتور,نظافه الحمامات,لا,5,نعم,4,3
07/10/2025 20:08:16,18 year - 29 year,أنثى,كشف في عيادة خارجية,لا,مريض,2,ساعتين - 4 ساعات,2,نعم,3,دقيقة - 30 دقيقة,3,4,ساعتين - 4 ساعات,2,2,نعم,4,لا,5,4,نعم,ربما,لا,4,3,نعم,3,4,لا,نعم,3,نعم,4,5,,4,3,5,الطبيب,النظافة و الاهتمام و تقدير الاطباء و التمريض,النظافة و التعامل الجيد مع المريض,4,لا,3,5
07/10/2025 20:10:16,18 year - 29 year,أنثى,كشف في عيادة خارجية,لا,مرافق,3,30 دقيقة - ساعة,4,نعم,4,30 دقيقة - ساعة,4,3,30 دقيقة - ساعة,3,3,لا,3,نعم,3,3,نعم,نعم,نعم,4,4,نعم,2,2,نعم,نعم,3,نعم,2,3,نعم,,3,3,المعامله,الالتزام و الهدوء ,. ,3,نعم,4,3
07/10/2025 20:11:10,18 year - 29 year,ذكر,إجراء فحوصات أو أشعة,نعم,مرافق,5,4 ساعات - 6 ساعات,5,نعم,5,4 ساعات - 6 ساعات,5,5,4 ساعات - 6 ساعات,5,5,نعم,5,نعم,5,5,نعم,نعم,نعم,5,5,نعم,5,5,نعم,نعم,5,نعم,5,5,نعم,5,5,5,مبسوط جدا و هاجر كل مره ,لا شئ,لا شكرا ,5,نعم,5,5
07/10/2025 20:11:15,18 year - 29 year,أنثى,قسم الطوارئ,نعم,مريض,3,دقيقة - 30 دقيقة,3,نعم,4,30 دقيقة - ساعة,3,5,30 دقيقة - ساعة,3,3,نعم,4,نعم,3,4,نعم,نعم,نعم,5,5,نعم,5,5,نعم,نعم,5,نعم,4,5,نعم,5,5,5,.,.,.,4,نعم,4,4
07/10/2025 20:17:01,18 year - 29 year,ذكر,كشف في عيادة خارجية,لا,مرافق,3,16 ساعة - يوم,2,نعم,3,دقيقة - 30 دقيقة,3,3,دقيقة - 30 دقيقة,3,5,لا,5,نعم,4,5,نعم,نعم,نعم,4,4,نعم,5,5,نعم,لا,2,نعم,3,4,لا,3,3,3,زوال الألم ,السيطره على الألم ,لا,2,نعم,4,4
07/10/2025 20:17:53,18 year - 29 year,ذكر,إجراء فحوصات أو أشعة,لا,مرافق,5,دقيقة - 30 دقيقة,5,نعم,5,دقيقة - 30 دقيقة,5,5,دقيقة - 30 دقيقة,5,5,نعم,5,نعم,5,5,نعم,نعم,نعم,5,5,نعم,5,5,نعم,نعم,5,نعم,5,5,نعم,5,5,5,كله,لا شئ,لا,5,نعم,5,5
07/10/2025 20:20:08,18 year - 29 year,أنثى,كشف في عيادة خارجية,لا,مرافق,1,دقيقة - 30 دقيقة,1,نعم,4,دقيقة - 30 دقيقة,4,3,دقيقة - 30 دقيقة,3,4,لا,3,نعم,3,2,نعم,نعم,نعم,3,4,نعم,1,2,نعم,لا,3,نعم,3,3,لا,3,4,4,...,...,لا,4,نعم,3,3
07/10/2025 20:24:07,18 year - 29 year,ذكر,إجراء فحوصات أو أشعة,نعم,مرافق,3,ساعة - ساعتين,3,نعم,4,30 دقيقة - ساعة,5,3,30 دقيقة - ساعة,4,5,نعم,3,نعم,5,5,نعم,نعم,نعم,5,4,نعم,3,3,نعم,نعم,5,نعم,3,3,نعم,3,4,3,اهتمام الطبيب المعالج بتوضيح حالتي و ارشادات متعلقة بالأدوية و الجرعات ,تقليل قوائم الانتظار ,لا,3,لا,4,3
07/10/2025 20:27:45,18 year - 29 year,أنثى,قسم الطوارئ,لا,مريض,3,دقيقة - 30 دقيقة,3,نعم,1,دقيقة - 30 دقيقة,3,1,دقيقة - 30 دقيقة,3,4,لا,3,نعم,3,5,نعم,ربما,نعم,3,5,ربما,1,3,نعم,نعم,3,نعم,3,3,لا,3,4,4,.,.,.,3,لا,5,3
07/10/2025 20:28:51,18 year - 29 year,ذكر,كشف في عيادة خارجية,نعم,مرافق,4,30 دقيقة - ساعة,3,نعم,5,دقيقة - 30 دقيقة,4,3,30 دقيقة - ساعة,5,5,نعم,3,نعم,4,4,نعم,نعم,نعم,3,4,ربما,3,3,نعم,نعم,3,لا,3,3,نعم,3,4,2,All in all it was a good experience ,Employing more workers ,No nothing ,3,نعم,4,4
07/10/2025 20:36:04,18 year - 29 year,ذكر,كشف في عيادة خارجية,نعم,مرافق,5,30 دقيقة - ساعة,5,نعم,4,30 دقيقة - ساعة,5,5,30 دقيقة - ساعة,4,4,نعم,4,نعم,3,3,نعم,نعم,نعم,4,4,نعم,4,3,نعم,نعم,4,نعم,3,4,نعم,5,5,4,تعامل الممرضين,وقت الانتظار,لا,1,نعم,3,4
07/10/2025 20:36:23,18 year - 29 year,أنثى,قسم الطوارئ,نعم,مرافق,1,30 دقيقة - ساعة,3,لا,1,30 دقيقة - ساعة,2,3,30 دقيقة - ساعة,1,1,لا,1,لا,1,1,لا,لا,لا,1,2,ربما,1,1,لا,لا,1,لا,1,1,لا,3,1,1,سيئة لللغايه,المنظومه كلها,لا,1,لا,2,1
07/10/2025 20:37:00,18 year - 29 year,أنثى,إجراء فحوصات أو أشعة,نعم,مريض,5,دقيقة - 30 دقيقة,3,نعم,4,دقيقة - 30 دقيقة,5,5,دقيقة - 30 دقيقة,4,5,لا,5,نعم,5,5,نعم,نعم,نعم,5,5,نعم,5,5,نعم,نعم,5,نعم,5,5,نعم,5,5,4,الطبيب ,الحجز ,لا ,5,نعم,5,5
07/10/2025 20:37:11,18 year - 29 year,ذكر,إجراء فحوصات أو أشعة,نعم,مرافق,4,30 دقيقة - ساعة,4,نعم,4,30 دقيقة - ساعة,5,4,30 دقيقة - ساعة,4,4,نعم,3,نعم,4,4,نعم,نعم,نعم,4,4,نعم,4,4,نعم,نعم,4,نعم,4,4,نعم,4,4,4,الأمانه والخبرة ,. ,.,4,نعم,4,4
07/10/2025 20:39:27,18 year - 29 year,ذكر,كشف في عيادة خارجية,نعم,مريض,4,4 ساعات - 6 ساعات,3,نعم,3,ساعتين - 4 ساعات,3,2,ساعة - ساعتين,4,4,نعم,5,نعم,4,4,نعم,ربما,نعم,4,4,نعم,1,5,نعم,نعم,3,نعم,4,4,نعم,3,4,3,الدكاتره ,الحمامات,لا,4,لا,4,3
07/10/2025 20:39:38,18 year - 29 year,ذكر,كشف في عيادة خارجية,لا,مريض,5,دقيقة - 30 دقيقة,1,نعم,5,دقيقة - 30 دقيقة,4,5,ساعة - ساعتين,3,4,لا,3,نعم,5,5,نعم,نعم,نعم,5,5,ربما,4,4,نعم,نعم,5,نعم,4,4,نعم,5,5,5,كانت تجربة زي الفل 😘,الفورم الطويلة دي ,خف اسئلة الله يخليك,5,نعم,5,4
07/10/2025 20:40:58,18 year - 29 year,ذكر,إجراء فحوصات أو أشعة,نعم,مريض,4,ساعتين - 4 ساعات,4,نعم,4,30 دقيقة - ساعة,5,4,ساعتين - 4 ساعات,4,4,نعم,4,نعم,4,5,نعم,نعم,نعم,5,5,نعم,4,3,نعم,نعم,5,نعم,5,4,نعم,4,5,4,.,.,.,4,نعم,5,4
07/10/2025 20:41:18,18 year - 29 year,أنثى,كشف في عيادة خارجية,نعم,مرافق,4,دقيقة - 30 دقيقة,4,نعم,3,30 دقيقة - ساعة,3,3,ساعة - ساعتين,3,3,نعم,3,لا,3,3,نعم,لا,نعم,3,3,لا,3,3,لا,لا,3,لا,3,3,لا,3,3,3,لا شيء ,كل شئ ,تدريب كل الطقم,3,نعم,3,3
07/10/2025 20:47:43,18 year - 29 year,أنثى,كشف في عيادة خارجية,نعم,مريض,2,4 ساعات - 6 ساعات,2,نعم,3,30 دقيقة - ساعة,2,4,دقيقة - 30 دقيقة,2,2,نعم,4,نعم,2,3,نعم,نعم,نعم,4,4,نعم,4,4,نعم,نعم,3,نعم,4,5,نعم,4,3,3,النظافة,المواعيد,لا,4,نعم,4,4
07/10/2025 20:51:57,18 year - 29 year,ذكر,كشف في عيادة خارجية,نعم,مريض,3,ساعة - ساعتين,3,نعم,3,ساعة - ساعتين,3,3,ساعة - ساعتين,4,3,لا,3,نعم,3,3,نعم,نعم,نعم,3,3,ربما,3,2,نعم,نعم,3,نعم,3,3,نعم,3,3,3,.,..,..,3,نعم,2,2
07/10/2025 20:53:33,18 year - 29 year,أنثى,قسم الطوارئ,لا,مريض,5,30 دقيقة - ساعة,5,نعم,5,دقيقة - 30 دقيقة,5,5,دقيقة - 30 دقيقة,5,5,نعم,5,نعم,5,5,نعم,نعم,نعم,5,5,نعم,4,,نعم,نعم,5,نعم,5,5,نعم,,5,5,الدكاتره فعلاً فاهمين شغلهم ,النظافة ,اهتموا اكتر بالمرضى ,5,نعم,5,4
07/10/2025 20:55:15,18 year - 29 year,ذكر,كشف في عيادة خارجية,لا,مرافق,1,6 ساعات - 10 ساعات,1,لا,3,ساعة - ساعتين,2,3,ساعة - ساعتين,3,1,لا,2,لا,3,3,لا,لا,لا,1,2,نعم,3,3,لا,نعم,1,لا,2,2,لا,3,3,1,لا يوجد ويجب زياده الاهتمام بالرعايه الصحيه ,جميع المراحل ,لا ,2,لا,3,2
07/10/2025 20:58:08,18 year - 29 year,ذكر,كشف في عيادة خارجية,لا,مرافق,1,6 ساعات - 10 ساعات,1,لا,3,ساعة - ساعتين,2,3,ساعة - ساعتين,3,1,لا,2,لا,3,3,لا,لا,لا,1,2,نعم,3,3,لا,نعم,1,لا,2,2,لا,3,3,1,لا يوجد ويجب زياده الاهتمام بالرعايه الصحيه ,جميع المراحل ,لا ,2,لا,3,2
07/10/2025 21:04:22,18 year - 29 year,أنثى,كشف في عيادة خارجية,نعم,مرافق,3,ساعتين - 4 ساعات,5,لا,2,دقيقة - 30 دقيقة,4,3,ساعة - ساعتين,5,5,نعم,4,نعم,5,4,نعم,نعم,نعم,5,4,ربما,1,,لا,لا,4,لا,4,3,لا,2,4,3,السعر,الوقت,يبقى فى نظام فى الطابور اكتر,2,لا,3,2
07/10/2025 21:25:28,60 year - more,ذكر,إجراء فحوصات أو أشعة,نعم,مريض,3,دقيقة - 30 دقيقة,3,نعم,2,30 دقيقة - ساعة,3,4,ساعة - ساعتين,3,2,لا,2,لا,1,3,لا,لا,لا,1,4,ربما,3,2,نعم,لا,3,لا,3,1,لا,1,3,1,لا شيء ,كل شيء ,الاهتمام بالكوادر,2,نعم,3,4
07/10/2025 21:29:56,18 year - 29 year,ذكر,كشف في عيادة خارجية,لا,مريض,3,30 دقيقة - ساعة,4,لا,3,30 دقيقة - ساعة,2,3,30 دقيقة - ساعة,2,4,لا,3,لا,1,3,لا,لا,لا,1,2,نعم,1,3,لا,نعم,3,نعم,3,2,لا,3,2,1,مفيش ,"كتير 
التنظيم ، والترتيب وآلخ ",كده مش هيكون في مكان اكمل كتابة ,2,لا,2,1
07/10/2025 21:32:41,18 year - 29 year,ذكر,كشف في عيادة خارجية,نعم,مريض,4,30 دقيقة - ساعة,2,نعم,4,30 دقيقة - ساعة,3,4,30 دقيقة - ساعة,3,4,نعم,4,نعم,4,4,نعم,نعم,نعم,4,4,نعم,4,4,نعم,نعم,5,نعم,5,3,نعم,4,5,5,. ,..,لا,4,نعم,5,5
07/10/2025 21:36:03,18 year - 29 year,أنثى,كشف في عيادة خارجية,لا,مرافق,5,30 دقيقة - ساعة,5,نعم,5,دقيقة - 30 دقيقة,5,5,30 دقيقة - ساعة,5,5,نعم,5,نعم,5,5,نعم,نعم,نعم,5,5,نعم,5,5,نعم,نعم,5,نعم,5,5,نعم,5,5,5,.,دورات المياه,.,5,نعم,5,5
07/10/2025 22:49:09,18 year - 29 year,ذكر,كشف في عيادة خارجية,لا,مرافق,3,6 ساعات - 10 ساعات,3,نعم,5,30 دقيقة - ساعة,3,3,ساعتين - 4 ساعات,3,3,نعم,3,نعم,3,3,نعم,نعم,نعم,3,4,نعم,3,3,نعم,نعم,3,نعم,3,3,نعم,3,3,3,المعاملة ,لا شيء ,لا,3,نعم,4,3
07/10/2025 22:52:36,18 year - 29 year,أنثى,قسم الطوارئ,نعم,مريض,1,30 دقيقة - ساعة,3,لا,3,30 دقيقة - ساعة,3,1,30 دقيقة - ساعة,1,1,لا,1,لا,1,1,نعم,لا,لا,1,1,لا,1,1,لا,لا,1,لا,1,1,نعم,1,1,1,ولا حاجه ومكان غير ادمى اصلا,محتاج يتراقب ويكون عليه نظرة من وزارة الصحة,تركيز على الأماكن الحكومية ,1,لا,1,1
07/10/2025 22:53:40,18 year - 29 year,ذكر,كشف في عيادة خارجية,نعم,مرافق,2,16 ساعة - يوم,4,نعم,5,دقيقة - 30 دقيقة,3,5,30 دقيقة - ساعة,5,5,نعم,5,نعم,4,5,نعم,نعم,نعم,5,5,نعم,4,3,نعم,نعم,4,نعم,5,4,نعم,4,5,4,الاهتمام بحاله المريض,وقت الانتظار قبل الدخول ل الطبيب ,لا,5,نعم,5,5
07/10/2025 23:30:41,40 year - 59 year,ذكر,كشف في عيادة خارجية,لا,مرافق,4,ساعة - ساعتين,4,نعم,4,دقيقة - 30 دقيقة,4,4,ساعة - ساعتين,3,4,لا,4,نعم,4,4,نعم,نعم,نعم,4,5,نعم,4,3,نعم,نعم,4,نعم,4,5,نعم,4,4,4,النظام,المواعيد يكون نفس الكفاءة و فترات مختلفة. علي مدار اليوم ,زيادة بعض العيادات و الفترات بتاعتها تزيد يبقي منها صباحا و ظهرا و مساءا أن امكن ,5,نعم,5,5
07/10/2025 23:31:05,18 year - 29 year,أنثى,إجراء فحوصات أو أشعة,نعم,مريض,5,دقيقة - 30 دقيقة,5,نعم,5,دقيقة - 30 دقيقة,5,5,دقيقة - 30 دقيقة,5,5,نعم,5,نعم,5,5,نعم,نعم,نعم,5,5,نعم,5,5,نعم,نعم,5,نعم,5,5,نعم,5,5,5,كل شئ,لا شئ,لا,5,نعم,5,5
07/10/2025 23:54:42,30 year - 39 year,أنثى,إجراء فحوصات أو أشعة,لا,ولى امر,4,16 ساعة - يوم,4,نعم,4,30 دقيقة - ساعة,4,4,دقيقة - 30 دقيقة,4,4,لا,4,نعم,4,4,نعم,نعم,نعم,4,4,نعم,4,4,نعم,نعم,4,نعم,4,4,لا,4,4,3,اهتمام الدكتور بالمريض ,الاهتمام من ناحية الاستقبال ,لا,4,نعم,4,4
07/10/2025 23:54:47,18 year - 29 year,أنثى,كشف في عيادة خارجية,نعم,مرافق,4,دقيقة - 30 دقيقة,3,لا,4,30 دقيقة - ساعة,3,5,30 دقيقة - ساعة,4,5,لا,3,نعم,4,5,نعم,نعم,نعم,3,4,نعم,5,2,نعم,لا,3,نعم,4,3,نعم,4,4,3,الشفاء,الاهتمام بالدقه و التفاصيل ,اقترح توسيع المكان و مقابلة المرضي بابتسامة تجعلهم يشعرو بالتفاؤل,3,لا,4,3
08/10/2025 00:14:57,18 year - 29 year,أنثى,إجراء فحوصات أو أشعة,نعم,مرافق,5,6 ساعات - 10 ساعات,5,نعم,5,دقيقة - 30 دقيقة,5,5,دقيقة - 30 دقيقة,5,5,نعم,5,نعم,5,5,نعم,نعم,نعم,5,5,نعم,5,5,نعم,نعم,5,نعم,5,5,نعم,5,5,5,الطبيب,لا شئ,لا,5,نعم,5,5
08/10/2025 00:19:00,18 year - 29 year,ذكر,إجراء فحوصات أو أشعة,نعم,مريض,5,دقيقة - 30 دقيقة,5,نعم,5,دقيقة - 30 دقيقة,5,5,دقيقة - 30 دقيقة,5,5,نعم,5,نعم,5,5,نعم,نعم,نعم,5,5,نعم,5,5,نعم,نعم,5,نعم,5,5,نعم,5,5,5,الكلام مع الطبيب,لا يوجد,لا,5,نعم,5,5
08/10/2025 00:45:14,18 year - 29 year,أنثى,إجراء فحوصات أو أشعة,نعم,مرافق,4,ساعتين - 4 ساعات,4,نعم,4,دقيقة - 30 دقيقة,5,5,30 دقيقة - ساعة,5,5,نعم,5,نعم,5,5,نعم,نعم,نعم,4,5,نعم,4,4,نعم,نعم,5,نعم,5,5,نعم,5,5,5,الاهتمام,لا شيء ,لا,4,نعم,5,4
08/10/2025 00:49:54,18 year - 29 year,أنثى,كشف في عيادة خارجية,نعم,مريض,4,دقيقة - 30 دقيقة,4,نعم,5,دقيقة - 30 دقيقة,5,5,دقيقة - 30 دقيقة,5,5,نعم,5,نعم,5,5,نعم,نعم,نعم,5,5,نعم,5,5,نعم,نعم,5,نعم,5,5,نعم,5,5,5,التعامل,...,لا,5,نعم,5,5
08/10/2025 00:57:54,18 year - 29 year,ذكر,إجراء فحوصات أو أشعة,نعم,مريض,3,دقيقة - 30 دقيقة,4,نعم,5,دقيقة - 30 دقيقة,5,5,30 دقيقة - ساعة,5,5,نعم,5,نعم,5,5,نعم,نعم,نعم,5,5,نعم,5,5,نعم,نعم,5,نعم,5,5,نعم,5,5,5,التعامل سلس ,عقليات الناس المريضة,لا شكرا,5,نعم,5,5
08/10/2025 01:07:05,18 year - 29 year,ذكر,إجراء فحوصات أو أشعة,لا,مرافق,4,ساعة - ساعتين,2,لا,4,ساعة - ساعتين,2,3,6 ساعات - 10 ساعات,3,1,لا,2,نعم,4,4,نعم,ربما,نعم,3,2,لا,1,1,لا,لا,3,لا,2,3,لا,2,2,2,فحص الطبيب للمريض,مواعيد الطبيب,لا,1,لا,2,2
08/10/2025 01:22:13,18 year - 29 year,أنثى,إجراء فحوصات أو أشعة,نعم,مريض,3,16 ساعة - يوم,3,نعم,3,دقيقة - 30 دقيقة,3,3,دقيقة - 30 دقيقة,4,4,نعم,4,نعم,5,4,نعم,نعم,نعم,4,3,نعم,5,5,نعم,نعم,4,نعم,4,3,نعم,4,4,4, , , ,4,نعم,3,4
08/10/2025 01:23:08,18 year - 29 year,ذكر,كشف في عيادة خارجية,لا,مريض,3,4 ساعات - 6 ساعات,2,نعم,3,ساعتين - 4 ساعات,3,3,ساعتين - 4 ساعات,3,3,لا,5,نعم,3,3,لا,ربما,نعم,3,3,نعم,3,3,نعم,نعم,3,نعم,3,3,نعم,3,3,3,خبرة الطبيب,تعديل الغرف,لا,3,نعم,3,3
08/10/2025 01:27:05,18 year - 29 year,ذكر,كشف في عيادة خارجية,لا,مريض,5,دقيقة - 30 دقيقة,3,نعم,4,دقيقة - 30 دقيقة,5,3,دقيقة - 30 دقيقة,2,3,نعم,4,نعم,4,4,نعم,نعم,نعم,4,4,نعم,4,4,نعم,نعم,4,نعم,4,4,نعم,4,3,4,الكشف ,الاجهزة ,الاجهزة,3,نعم,4,4
08/10/2025 01:27:26,18 year - 29 year,ذكر,قسم الطوارئ,نعم,مرافق,3,30 دقيقة - ساعة,1,نعم,3,دقيقة - 30 دقيقة,3,3,30 دقيقة - ساعة,4,4,لا,3,نعم,4,4,لا,ربما,نعم,4,4,نعم,3,2,نعم,نعم,3,نعم,4,4,نعم,4,4,3,هناك الكثير من الخدمات المتاحة للمرضى دون مقابل وهذا رغم انه فرض على الدوله ولكن هناك تحسن عن 5 سنوات ماضيه,زياده عدد مقدمي الخدمات الصحيه والمستلزمات لزياده الجوده وراحه المرضي,زياده عدد مقدمي الخدمات الصحيه والمستلزمات لزياده الجوده وراحه المرضي,3,نعم,4,4
08/10/2025 01:42:51,40 year - 59 year,ذكر,عملية جراحية,نعم,مريض,4,ساعة - ساعتين,4,نعم,3,دقيقة - 30 دقيقة,4,3,دقيقة - 30 دقيقة,3,3,لا,3,نعم,4,4,نعم,لا,لا,2,4,ربما,4,4,نعم,نعم,4,لا,4,4,نعم,5,4,3,تكامل فريق المعالين باتخصصات المختلفه ,متابعه العمال وأفراد الأمن بطريقه اقوي,تيسر التعامل مع المرضى الذين لهم تأمين صحي او لهم الحق في العلاج على نفقه الدوله وتوضيح أسهل الطرق للاستفاده من هذه المميزات ,4,لا,4,4
08/10/2025 01:56:03,18 year - 29 year,ذكر,إجراء فحوصات أو أشعة,نعم,مريض,4,30 دقيقة - ساعة,3,نعم,5,دقيقة - 30 دقيقة,4,4,30 دقيقة - ساعة,5,5,نعم,4,نعم,4,4,نعم,نعم,نعم,5,5,نعم,4,4,نعم,نعم,4,نعم,4,3,نعم,4,5,3,النظافة و النظام,لا شيئ,لا,4,نعم,5,5
08/10/2025 02:24:37,40 year - 59 year,أنثى,كشف في عيادة خارجية,لا,مريض,5,4 ساعات - 6 ساعات,5,نعم,5,دقيقة - 30 دقيقة,5,5,دقيقة - 30 دقيقة,5,5,لا,4,نعم,5,4,لا,نعم,نعم,5,5,نعم,5,5,نعم,نعم,3,نعم,5,5,نعم,5,5,5,الدكتورة المتابعة لحالتي,قسم الاشعة,لا ,5,لا,5,5
08/10/2025 04:27:22,18 year - 29 year,ذكر,إجراء فحوصات أو أشعة,لا,مريض,4,16 ساعة - يوم,4,نعم,4,دقيقة - 30 دقيقة,4,5,دقيقة - 30 دقيقة,4,4,نعم,4,نعم,4,4,نعم,نعم,نعم,4,5,نعم,3,3,نعم,نعم,4,نعم,3,4,لا,3,4,3,. ,. ,. ,4,نعم,5,3
08/10/2025 04:58:58,60 year - more,ذكر,كشف في عيادة خارجية,لا,مرافق,4,يومين - اكثر,4,نعم,3,دقيقة - 30 دقيقة,2,2,30 دقيقة - ساعة,4,4,نعم,3,نعم,4,5,نعم,نعم,نعم,4,3,نعم,3,,نعم,نعم,3,لا,3,3,نعم,,3,3,تفهم طاقم التمريض,الصيانة ,زيادة عدد الأطباء التأكد من وجود طبيب بديل عند اعتذار زميل له.,3,نعم,3,2
08/10/2025 06:26:08,18 year - 29 year,ذكر,كشف في عيادة خارجية,لا,مريض,4,دقيقة - 30 دقيقة,4,لا,5,دقيقة - 30 دقيقة,5,4,دقيقة - 30 دقيقة,4,3,لا,4,نعم,5,5,نعم,نعم,نعم,5,5,نعم,4,,نعم,نعم,5,نعم,4,5,,,5,4,الطبيب كان متعاونا و مستعدا لسماعك ,رشاوي الممرضات,اعتقد انه يوجد بعض الاسئلة لا يجب ان تكون اجبارية مثل الاسئلة المتعلقة بالادوية و التحاليل فمثلا من يذهب لطبيب العيون من الممكن الا يأخذ ادوية او إشاعات.,5,لا,5,
08/10/2025 06:40:54,18 year - 29 year,أنثى,قسم الطوارئ,نعم,مريض,3,30 دقيقة - ساعة,1,لا,2,دقيقة - 30 دقيقة,3,4,30 دقيقة - ساعة,5,3,لا,4,نعم,2,2,نعم,ربما,لا,3,3,لا,2,4,نعم,نعم,3,لا,4,3,لا,4,3,1,مش بروح اماكن حكوميه ,النظافه و الاهتمام بالمريض والسماع له ,.,3,لا,3,2
08/10/2025 07:25:09,12 years - 17 year,ذكر,كشف في عيادة خارجية,نعم,مرافق,5,دقيقة - 30 دقيقة,4,نعم,5,دقيقة - 30 دقيقة,5,5,دقيقة - 30 دقيقة,5,5,نعم,5,نعم,5,5,نعم,نعم,نعم,5,5,نعم,5,5,نعم,نعم,5,نعم,5,5,نعم,5,5,5,الرعاية,المنشءات تلصحية,لا ,5,نعم,5,5
08/10/2025 07:42:58,18 year - 29 year,ذكر,إجراء فحوصات أو أشعة,نعم,مريض,4,ساعة - ساعتين,2,لا,2,دقيقة - 30 دقيقة,2,3,ساعة - ساعتين,2,2,لا,3,نعم,3,4,نعم,نعم,نعم,4,3,ربما,4,3,نعم,نعم,4,نعم,4,3,نعم,4,3,3,..,..,..,5,نعم,3,2
08/10/2025 07:58:42,18 year - 29 year,ذكر,تنويم (إقامة في المستشفى),نعم,مريض,4,يومين - اكثر,4,لا,3,30 دقيقة - ساعة,3,4,دقيقة - 30 دقيقة,3,5,لا,4,نعم,1,4,نعم,نعم,نعم,5,5,نعم,5,4,نعم,نعم,3,نعم,4,4,لا,5,4,1,النضافة و الراحة للمريض و تعاون فريق التمريض دون طلب اي مستحقات زيادة,لا شيء,لا,2,لا,5,5
08/10/2025 08:05:35,18 year - 29 year,أنثى,إجراء فحوصات أو أشعة,لا,مريض,2,ساعة - ساعتين,4,نعم,4,دقيقة - 30 دقيقة,4,3,30 دقيقة - ساعة,4,4,لا,4,نعم,4,4,نعم,ربما,نعم,3,3,ربما,2,3,لا,نعم,3,نعم,3,3,نعم,3,3,3,.,.,.,4,نعم,3,2
08/10/2025 08:18:52,30 year - 39 year,أنثى,كشف في عيادة خارجية,لا,مريض,3,دقيقة - 30 دقيقة,5,نعم,3,دقيقة - 30 دقيقة,3,3,30 دقيقة - ساعة,1,1,لا,1,لا,2,2,لا,لا,نعم,2,2,ربما,1,3,نعم,نعم,2,لا,3,4,لا,3,4,3,متابعة الحاله الصحيه من جهة الطبيب,تغير اسلوب التمريض و وجود رقيب فعال عليهم,لا شكرا,2,لا,3,1
08/10/2025 09:17:35,18 year - 29 year,أنثى,تنويم (إقامة في المستشفى),لا,مريض,3,ساعتين - 4 ساعات,1,نعم,5,دقيقة - 30 دقيقة,5,5,ساعتين - 4 ساعات,1,1,لا,1,لا,1,1,لا,ربما,لا,1,5,ربما,1,5,نعم,نعم,3,لا,3,1,نعم,3,3,3,.,.,.,3,نعم,5,4
08/10/2025 09:45:54,18 year - 29 year,ذكر,إجراء فحوصات أو أشعة,نعم,مريض,3,ساعة - ساعتين,4,نعم,4,دقيقة - 30 دقيقة,3,4,ساعة - ساعتين,3,3,لا,4,نعم,5,5,نعم,نعم,نعم,5,5,نعم,3,4,نعم,نعم,5,نعم,3,5,لا,5,2,1,عادي مفيش شي محدد,الغرف المتوفر بها أكثر من سرير مزعجه للمريض للغايه إذا جاء زياره له والمريض الثاني بجانبه يشعر بالتعب,لا,3,نعم,5,3
08/10/2025 09:47:44,18 year - 29 year,ذكر,قسم الطوارئ,لا,مريض,1,4 ساعات - 6 ساعات,3,لا,2,30 دقيقة - ساعة,4,1,ساعتين - 4 ساعات,4,3,لا,2,نعم,4,4,لا,نعم,نعم,4,4,نعم,3,3,نعم,نعم,4,نعم,3,3,لا,2,2,1,لاشي ,تغيير المنظومة تماما و وضع نظام جديد ,لا,3,لا,4,4
08/10/2025 10:04:19,40 year - 59 year,ذكر,كشف في عيادة خارجية,لا,مريض,4,30 دقيقة - ساعة,5,نعم,5,دقيقة - 30 دقيقة,4,5,دقيقة - 30 دقيقة,4,4,لا,4,نعم,4,5,نعم,نعم,نعم,4,4,نعم,5,,نعم,نعم,4,نعم,3,4,نعم,,4,4,easy,application,no,4,نعم,4,4
08/10/2025 10:26:07,18 year - 29 year,ذكر,كشف في عيادة خارجية,نعم,مرافق,1,ساعة - ساعتين,3,لا,1,ساعتين - 4 ساعات,3,4,4 ساعات - 6 ساعات,1,4,لا,1,نعم,1,3,لا,ربما,نعم,5,1,ربما,1,3,نعم,نعم,3,نعم,1,2,لا,1,1,1,.,.,.,1,لا,4,5
08/10/2025 13:54:22,30 year - 39 year,أنثى,كشف في عيادة خارجية,لا,مريض,3,ساعة - ساعتين,3,لا,2,دقيقة - 30 دقيقة,2,2,ساعة - ساعتين,1,1,لا,2,نعم,2,1,نعم,نعم,نعم,2,2,لا,2,2,نعم,نعم,2,نعم,2,3,لا,2,2,2,الوضوح في التعامل ,ترتيب الخطوات ,لا,4,لا,2,3
08/10/2025 14:27:54,18 year - 29 year,ذكر,كشف في عيادة خارجية,لا,مرافق,3,30 دقيقة - ساعة,3,نعم,2,دقيقة - 30 دقيقة,2,2,30 دقيقة - ساعة,5,5,نعم,5,نعم,1,2,لا,لا,لا,1,3,نعم,3,2,نعم,لا,3,لا,4,2,نعم,1,2,1,طاقم التمريض ,طاقم الأطباء ,لا,5,نعم,3,3
08/10/2025 14:39:51,18 year - 29 year,ذكر,إجراء فحوصات أو أشعة,نعم,مريض,5,4 ساعات - 6 ساعات,5,نعم,5,30 دقيقة - ساعة,4,5,دقيقة - 30 دقيقة,5,5,نعم,5,لا,5,5,نعم,نعم,نعم,5,5,نعم,5,5,نعم,نعم,5,نعم,5,5,نعم,5,5,5,كل حاجه تمام,كل حاجه تمام,لا,5,نعم,5,5
08/10/2025 15:12:38,18 year - 29 year,أنثى,كشف في عيادة خارجية,لا,مريض,3,دقيقة - 30 دقيقة,4,لا,3,30 دقيقة - ساعة,3,5,دقيقة - 30 دقيقة,2,2,لا,2,نعم,3,4,نعم,ربما,نعم,3,5,نعم,3,3,نعم,نعم,3,نعم,3,3,نعم,2,3,2,الشفاء,توسيع الاماكن للأشخاص المرضي و حسن معامله الممرضين معهم و موظفين الاسقبال,توسيع الاماكن للأشخاص المرضي و حسن معامله الممرضين معهم و موظفين الاسقبال,2,لا,5,3
08/10/2025 15:12:38,1 day - 5 year,ذكر,كشف في عيادة خارجية,نعم,مريض,1,دقيقة - 30 دقيقة,1,نعم,1,دقيقة - 30 دقيقة,1,1,دقيقة - 30 دقيقة,1,1,نعم,1,نعم,1,1,نعم,نعم,نعم,1,1,نعم,1,1,نعم,نعم,1,نعم,1,1,نعم,1,1,1,1,2,3,1,نعم,1,1
08/10/2025 15:20:14,18 year - 29 year,ذكر,إجراء فحوصات أو أشعة,نعم,مريض,4,دقيقة - 30 دقيقة,4,نعم,5,دقيقة - 30 دقيقة,5,5,دقيقة - 30 دقيقة,5,5,نعم,5,نعم,4,5,نعم,نعم,نعم,5,5,نعم,4,5,نعم,نعم,4,نعم,5,4,نعم,4,5,4,خدمه الاطباء,لا شيء ,لا,5,نعم,4,4
08/10/2025 16:01:22,18 year - 29 year,ذكر,قسم الطوارئ,نعم,مرافق,1,يومين - اكثر,3,لا,1,30 دقيقة - ساعة,1,1,30 دقيقة - ساعة,1,1,لا,1,نعم,1,1,لا,لا,لا,1,1,لا,1,,لا,لا,3,لا,1,3,,,1,1,ولا حاجة والله,قسما بالله كل حاجة,لا رعاية صحية ولا دكاترة بتاخد بالها الواحد يموت قدامهم وهما ولا على بالهم وبرود رهيب وحمقة على نفسهم ع الفاضي,1,لا,1,1
08/10/2025 16:09:12,18 year - 29 year,أنثى,إجراء فحوصات أو أشعة,لا,مريض,4,دقيقة - 30 دقيقة,3,نعم,3,دقيقة - 30 دقيقة,3,4,دقيقة - 30 دقيقة,4,4,نعم,4,نعم,4,5,نعم,نعم,نعم,4,5,نعم,4,3,نعم,نعم,4,نعم,5,4,نعم,,5,4,الاهتمام,N/a,زيادة عدد الممرضات ,4,نعم,5,3
08/10/2025 16:41:08,18 year - 29 year,ذكر,إجراء فحوصات أو أشعة,نعم,مريض,2,30 دقيقة - ساعة,3,نعم,2,ساعة - ساعتين,3,3,ساعة - ساعتين,3,3,نعم,3,نعم,3,3,نعم,نعم,نعم,3,3,نعم,3,3,نعم,نعم,3,نعم,3,3,نعم,3,3,3, المعامله الحسنه,دورات المياه,تسهيل الحجز,3,نعم,3,3
08/10/2025 16:46:22,40 year - 59 year,ذكر,كشف في عيادة خارجية,لا,مرافق,4,30 دقيقة - ساعة,4,نعم,5,30 دقيقة - ساعة,4,3,30 دقيقة - ساعة,4,4,لا,4,نعم,5,5,نعم,نعم,نعم,5,3,ربما,2,,لا,نعم,3,نعم,3,4,لا,4,3,4,شرح الطبيب للحاله,المظهر العام للمستشفى و خصوصيه المريض,ملاحظ أنه يتم استقبال أكثر من مريض بغرفه واحده للاسف,4,لا,3,3
08/10/2025 17:05:29,40 year - 59 year,أنثى,قسم الطوارئ,نعم,مرافق,5,30 دقيقة - ساعة,5,نعم,3,دقيقة - 30 دقيقة,3,4,دقيقة - 30 دقيقة,3,4,لا,3,نعم,4,4,نعم,نعم,نعم,3,3,نعم,3,3,نعم,لا,3,نعم,2,3,نعم,3,4,3,العلاج الماسب,دورات المياه ,لا,3,لا,3,3
08/10/2025 17:25:41,18 year - 29 year,ذكر,كشف في عيادة خارجية,نعم,مرافق,3,4 ساعات - 6 ساعات,3,نعم,4,30 دقيقة - ساعة,3,5,30 دقيقة - ساعة,5,5,نعم,3,نعم,4,4,نعم,نعم,نعم,4,5,نعم,5,3,نعم,لا,3,نعم,3,3,نعم,3,4,4,سهوله تشخيص المرض و علاجه,لا شيء ,لا شيء,4,نعم,5,5
08/10/2025 19:43:35,60 year - more,ذكر,عملية جراحية,نعم,مريض,5,ساعتين - 4 ساعات,4,نعم,3,ساعتين - 4 ساعات,2,4,دقيقة - 30 دقيقة,2,3,لا,2,نعم,5,5,لا,نعم,لا,3,2,ربما,2,1,نعم,لا,5,لا,3,3,لا,5,5,3,سرعة الاستجابه لعمليات الطوارء,خدمات ما بعد العمليه الجراحيه,الاهتمام بالمتابعه مع اتساع الوقت فى التحدث إلى المريض,2,لا,2,1
08/10/2025 20:54:53,18 year - 29 year,أنثى,كشف في عيادة خارجية,لا,مريض,4,ساعة - ساعتين,4,نعم,3,دقيقة - 30 دقيقة,3,3,ساعة - ساعتين,3,2,لا,3,نعم,3,3,نعم,نعم,نعم,3,3,ربما,2,2,لا,لا,3,لا,3,4,لا,4,3,3,انها متاحة في أي زقت,دورات المياه والسلوك العام لطاقم التمريض,تطوير المستشفيات بشكل عام وادخال أجهزة جديدة لتفادي الزحام إن وجد,4,نعم,4,1
08/10/2025 21:59:43,18 year - 29 year,أنثى,كشف في عيادة خارجية,نعم,مرافق,2,دقيقة - 30 دقيقة,2,نعم,4,دقيقة - 30 دقيقة,3,4,دقيقة - 30 دقيقة,4,4,لا,3,نعم,4,4,لا,ربما,نعم,4,4,ربما,4,4,نعم,لا,4,لا,4,4,نعم,3,4,4,التعامل مع المريض,كلكو حلوين ,لا,4,نعم,4,3
08/10/2025 22:24:57,40 year - 59 year,ذكر,إجراء فحوصات أو أشعة,لا,مرافق,3,دقيقة - 30 دقيقة,2,نعم,1,30 دقيقة - ساعة,2,2,دقيقة - 30 دقيقة,5,2,نعم,1,نعم,1,1,نعم,نعم,نعم,3,1,نعم,3,4,نعم,نعم,5,نعم,2,2,نعم,2,1,1,الدقه في الكشف,البشر,لا,2,نعم,1,1
08/10/2025 22:32:11,18 year - 29 year,أنثى,كشف في عيادة خارجية,لا,مريض,4,30 دقيقة - ساعة,3,لا,3,دقيقة - 30 دقيقة,3,5,ساعة - ساعتين,2,1,لا,1,نعم,2,2,لا,ربما,لا,2,1,لا,1,1,لا,لا,1,لا,1,2,لا,2,2,1,لا  اعلم,كتير,.,2,لا,2,1
08/10/2025 22:36:49,18 year - 29 year,أنثى,كشف في عيادة خارجية,نعم,مريض,5,30 دقيقة - ساعة,5,نعم,5,30 دقيقة - ساعة,5,5,دقيقة - 30 دقيقة,5,4,نعم,5,نعم,5,5,نعم,نعم,نعم,5,5,نعم,4,5,نعم,نعم,5,نعم,4,5,نعم,,5,5,زيارة الطبيب,لا شيئ,لا,5,نعم,4,5
08/10/2025 22:38:13,40 year - 59 year,أنثى,قسم الطوارئ,نعم,مرافق,5,ساعة - ساعتين,5,نعم,5,ساعتين - 4 ساعات,5,5,دقيقة - 30 دقيقة,5,5,لا,5,نعم,5,5,نعم,ربما,نعم,5,5,ربما,5,5,نعم,نعم,5,لا,5,5,نعم,5,5,5,الاهتمام من الاطباء,تقليل عدد المرضي ف الغرفه,لا شكرا,5,نعم,5,5
08/10/2025 23:04:53,30 year - 39 year,أنثى,قسم الطوارئ,نعم,مرافق,5,دقيقة - 30 دقيقة,5,نعم,5,30 دقيقة - ساعة,5,5,دقيقة - 30 دقيقة,5,5,نعم,5,نعم,5,5,نعم,نعم,نعم,5,5,نعم,5,4,نعم,نعم,5,نعم,4,4,نعم,4,5,4,الاهتمام بالمريض,التنظيم,تعدد طرق الدفع ,4,لا,5,4
08/10/2025 23:13:51,18 year - 29 year,ذكر,تنويم (إقامة في المستشفى),لا,مريض,5,ساعتين - 4 ساعات,3,نعم,5,دقيقة - 30 دقيقة,5,5,دقيقة - 30 دقيقة,5,5,لا,5,نعم,5,5,نعم,ربما,نعم,5,5,ربما,5,5,نعم,نعم,5,نعم,5,5,نعم,5,5,5,ب,ي,ب,5,نعم,5,5
08/10/2025 23:15:05,40 year - 59 year,ذكر,قسم الطوارئ,نعم,مريض,3,30 دقيقة - ساعة,3,نعم,3,دقيقة - 30 دقيقة,3,3,دقيقة - 30 دقيقة,3,4,نعم,2,نعم,3,3,لا,نعم,نعم,3,2,ربما,2,1,لا,نعم,3,نعم,3,2,لا,2,3,3,الحمد لله جبست رجلي,الانتظار, ,3,لا,2,2
08/10/2025 23:27:22,40 year - 59 year,أنثى,كشف في عيادة خارجية,نعم,مرافق,4,ساعة - ساعتين,4,نعم,5,دقيقة - 30 دقيقة,4,5,ساعة - ساعتين,4,4,نعم,4,نعم,5,5,نعم,نعم,نعم,5,5,نعم,5,,نعم,نعم,5,نعم,4,4,,4,4,4,التعرف علي طبيب ممتاز ,الاهتمام أكثر في القطاع الطبي وليس جزء معين ,اقترح تعين كوادر ذو ثقه لاتمام المهام في اسرع وقت دون إهمال في صحه المرض ,4,لا,5,5
08/10/2025 23:37:01,40 year - 59 year,ذكر,كشف في عيادة خارجية,نعم,مريض,1,دقيقة - 30 دقيقة,2,نعم,4,دقيقة - 30 دقيقة,4,4,30 دقيقة - ساعة,4,4,نعم,4,نعم,4,4,نعم,نعم,لا,4,4,نعم,4,4,نعم,نعم,4,نعم,2,3,نعم,3,4,3,الطاقم الطبى ممتاز,المواعيد,تخصيص طبيب لكل تخصص يوميا,3,نعم,4,4
08/10/2025 23:37:21,40 year - 59 year,أنثى,قسم الطوارئ,نعم,مرافق,1,30 دقيقة - ساعة,2,نعم,5,دقيقة - 30 دقيقة,5,5,10 ساعات - 16 ساعة,5,3,نعم,4,نعم,5,5,نعم,نعم,نعم,5,5,نعم,3,3,نعم,نعم,3,نعم,3,4,نعم,1,5,5,النظام,الاستقبال,لا,3,نعم,5,5
08/10/2025 23:38:56,18 year - 29 year,أنثى,كشف في عيادة خارجية,لا,مريض,3,ساعة - ساعتين,2,نعم,1,ساعة - ساعتين,3,5,16 ساعة - يوم,3,3,لا,3,نعم,3,3,لا,نعم,نعم,1,1,ربما,3,4,لا,نعم,2,نعم,3,1,نعم,2,2,4,المستشفى,الممرضين,لا,2,نعم,5,5
08/10/2025 23:42:26,40 year - 59 year,أنثى,كشف في عيادة خارجية,لا,مريض,4,30 دقيقة - ساعة,5,نعم,4,دقيقة - 30 دقيقة,4,5,30 دقيقة - ساعة,4,5,لا,4,نعم,4,4,نعم,نعم,نعم,5,4,نعم,4,4,نعم,نعم,3,نعم,3,4,نعم,4,4,3,سرعة إستكمال إجراءات الدخول ,قوائم الانتظار ,مراعاة كبار السن والمرضى حسب حالتهم الصحية ,3,نعم,4,4
08/10/2025 23:54:06,40 year - 59 year,أنثى,كشف في عيادة خارجية,نعم,ولى امر,4,ساعة - ساعتين,3,لا,3,دقيقة - 30 دقيقة,3,3,ساعة - ساعتين,3,3,نعم,3,نعم,3,3,لا,ربما,نعم,3,3,ربما,5,5,نعم,نعم,4,نعم,3,4,نعم,3,3,4,العلاج ,مدة الانتظار,لا,3,نعم,3,3
09/10/2025 00:14:44,18 year - 29 year,ذكر,كشف في عيادة خارجية,لا,مريض,4,ساعتين - 4 ساعات,3,نعم,4,30 دقيقة - ساعة,2,5,30 دقيقة - ساعة,4,3,لا,4,لا,1,4,نعم,ربما,نعم,3,4,لا,3,4,لا,لا,2,لا,3,1,نعم,4,3,4,..,..,..,4,نعم,4,3
09/10/2025 00:24:35,18 year - 29 year,أنثى,كشف في عيادة خارجية,نعم,مريض,5,دقيقة - 30 دقيقة,5,نعم,5,دقيقة - 30 دقيقة,5,5,دقيقة - 30 دقيقة,5,5,نعم,5,نعم,5,5,نعم,نعم,نعم,5,5,نعم,5,5,نعم,نعم,4,نعم,5,5,نعم,5,5,5,زيارة الطبيب,لا شى,لا,5,نعم,5,5
09/10/2025 01:47:22,6 year - 11 year,أنثى,قسم الطوارئ,لا,مريض,5,دقيقة - 30 دقيقة,5,نعم,5,دقيقة - 30 دقيقة,5,5,دقيقة - 30 دقيقة,5,5,نعم,5,نعم,5,5,نعم,نعم,نعم,5,5,نعم,5,,نعم,نعم,5,نعم,5,5,نعم,5,5,5,تفهم الطاقم الطبى الحاله,تجهيزات الغرف,وجود أطباء من كافه التخصصات داخل المنشأة الطبيه بشكل دائم ,5,نعم,5,4
09/10/2025 03:32:56,18 year - 29 year,أنثى,كشف في عيادة خارجية,لا,مرافق,4,دقيقة - 30 دقيقة,5,لا,4,دقيقة - 30 دقيقة,4,5,دقيقة - 30 دقيقة,5,5,لا,5,نعم,5,4,نعم,نعم,نعم,5,4,نعم,3,3,لا,نعم,4,لا,4,4,نعم,1,5,3,اهتمام قسم التمريض,توفير دكتور مخ واعصاب ,توفير دكتور مخ واعصاب ,5,لا,4,3
09/10/2025 04:16:37,12 years - 17 year,أنثى,إجراء فحوصات أو أشعة,لا,مريض,5,دقيقة - 30 دقيقة,5,نعم,5,دقيقة - 30 دقيقة,5,5,دقيقة - 30 دقيقة,5,5,نعم,5,نعم,5,5,نعم,نعم,نعم,5,5,نعم,5,5,نعم,نعم,5,نعم,5,5,نعم,5,5,5,كل شيئ,لا شيئ,لا,5,نعم,5,5
09/10/2025 07:52:17,60 year - more,ذكر,كشف في عيادة خارجية,لا,مريض,3,ساعتين - 4 ساعات,2,لا,3,دقيقة - 30 دقيقة,4,3,ساعة - ساعتين,1,2,لا,3,نعم,3,3,لا,ربما,لا,3,3,لا,3,,نعم,لا,3,لا,2,3,نعم,,3,2,قرب المستشفى وإجراء الكشف والتحاليل ضمن التأمين ,اهتمام الطبيب والتمريض بالمريض ,يكون التأمين عن طريق بطاقة والكشف في أي مكان تيسيراً على المرضى ,3,نعم,3,2
09/10/2025 09:23:36,18 year - 29 year,أنثى,كشف في عيادة خارجية,لا,مريض,4,ساعتين - 4 ساعات,1,نعم,1,دقيقة - 30 دقيقة,5,1,6 ساعات - 10 ساعات,1,1,نعم,1,لا,1,1,نعم,نعم,نعم,1,1,نعم,1,4,نعم,نعم,2,نعم,2,1,نعم,1,5,1,تغختهنغ,نفهتفت,نلعتل,4,نعم,2,1
09/10/2025 11:52:33,30 year - 39 year,أنثى,كشف في عيادة خارجية,نعم,مرافق,4,30 دقيقة - ساعة,5,لا,3,دقيقة - 30 دقيقة,4,3,دقيقة - 30 دقيقة,4,2,نعم,3,نعم,5,5,نعم,نعم,نعم,5,3,نعم,2,3,لا,نعم,4,نعم,3,4,نعم,5,3,3,الطبيب,تزويد مستشفي باطباء ليغطي عدد مرضي,تحسين الاجور,2,لا,5,4
09/10/2025 13:16:38,18 year - 29 year,أنثى,كشف في عيادة خارجية,نعم,مريض,5,دقيقة - 30 دقيقة,5,نعم,5,دقيقة - 30 دقيقة,5,5,دقيقة - 30 دقيقة,5,5,نعم,5,نعم,5,5,نعم,نعم,نعم,5,5,نعم,5,5,نعم,نعم,5,نعم,5,5,نعم,5,5,5,سهولة الخدمه ,لا يوجد ,لا,5,نعم,5,5
09/10/2025 13:46:17,30 year - 39 year,أنثى,كشف في عيادة خارجية,لا,مريض,2,ساعة - ساعتين,3,نعم,4,دقيقة - 30 دقيقة,3,4,ساعة - ساعتين,4,5,نعم,5,نعم,5,5,نعم,نعم,نعم,5,4,نعم,3,5,نعم,نعم,3,نعم,4,4,نعم,4,4,5,سهولة الوصول ,التطوير اكثر,لا,5,نعم,4,3
09/10/2025 16:40:42,18 year - 29 year,أنثى,كشف في عيادة خارجية,لا,مريض,3,يومين - اكثر,5,نعم,3,ساعة - ساعتين,5,4,ساعة - ساعتين,5,5,نعم,5,نعم,3,5,لا,نعم,نعم,5,5,نعم,3,,نعم,نعم,3,نعم,3,5,,,4,3,.,تنظيم المواعيد,.,5,لا,5,2
09/10/2025 18:44:10,18 year - 29 year,أنثى,كشف في عيادة خارجية,لا,مرافق,1,يومين - اكثر,1,لا,1,4 ساعات - 6 ساعات,1,1,4 ساعات - 6 ساعات,1,1,لا,1,لا,1,1,لا,لا,لا,1,1,لا,1,1,لا,لا,1,لا,1,1,لا,1,1,1,لا شيء ,كل حاجة,لا,1,لا,1,1
09/10/2025 23:30:51,18 year - 29 year,أنثى,كشف في عيادة خارجية,نعم,مرافق,1,6 ساعات - 10 ساعات,5,لا,1,4 ساعات - 6 ساعات,1,1,4 ساعات - 6 ساعات,1,1,لا,1,لا,1,3,نعم,ربما,نعم,3,1,ربما,1,,لا,نعم,3,نعم,1,2,نعم,,1,1,سهولة الوصول للمكان,تسهيل حجز ميعاد للكشف و توفير أماكن الاستراحة حيث أنها لا توجد ,سهولة حجز ميعاد و سهولة الإجراءات من معرفة الأشعة و التحاليل اللازمة و سهولة الدفع بطرق مختلفة بحيث العلاج يأخذ يوم او يومين مش شهور ,1,لا,1,1
10/10/2025 00:35:34,40 year - 59 year,ذكر,قسم الطوارئ,نعم,ولى امر,2,30 دقيقة - ساعة,3,نعم,4,دقيقة - 30 دقيقة,3,3,30 دقيقة - ساعة,3,3,نعم,3,نعم,3,3,نعم,نعم,نعم,3,3,نعم,3,3,نعم,نعم,3,نعم,3,3,نعم,3,3,3,الكل,لا شي,لا,3,نعم,3,3
10/10/2025 01:04:04,40 year - 59 year,ذكر,إجراء فحوصات أو أشعة,نعم,مريض,1,يومين - اكثر,1,نعم,5,دقيقة - 30 دقيقة,5,5,دقيقة - 30 دقيقة,5,5,نعم,5,نعم,5,5,نعم,نعم,نعم,5,5,نعم,5,,نعم,نعم,5,نعم,5,5,نعم,,5,3,هناك بعض الأسئلة كانت بعيدة الصلة عن إختيارى الخاص ( بالتحاليل والأشعة ) واضطررت لتقييم بعض الخدمات التي لم اتعامل معها .. ولكن نظراً لمجهود لجنة الرعاية الصحية والفاضل أ محمد الجارحي.. أكملت للنهاية وسأذكر تقييمي لآخر زيارة لي لعل الأمر يفيد بشكل أو بآخر ..آخر زيارة لي كانت العام الماضى لعمل تحليل وأشعة سونار في عيادة تكنوكلينك المهندسين تم الحجز عن طريق الموبايل في اليوم السابق .. وعندما ذهبت في الموعد المحدد تم أخذ عينة التحليل و بعدها توجهت لغرفة الأشعة مباشرة وعند التوجه للحسابات تم إخبارى بأن التحاليل في المكان مجاناً دون دفع النسبة التي كنت تدفعها في المعامل الأخرى وتم حساب الأشعة فقط .. معاملة جيدة جداً مكان هادئ تم الأمر في سرعة وسهولة .,اعتقد الأسنان تحتاج مزيداً من الدعم خاصة فيما يتعلق بالتركيبات لأن اسعارها مرتفعة جداً ولا أعتقد أن تركيب ضرس أو سن مكسور ظاهر للعيان يعد من الأمور التجميلية بل هو أمر ضرورى يؤثر في مظهر الشخص وحالته النفسية أيضا لذا أعتقد أنه من الأمور التي يجب مراعاتها بشدة .,شكراً ,5,نعم,,5
10/10/2025 06:17:24,40 year - 59 year,أنثى,كشف في عيادة خارجية,نعم,مرافق,3,ساعة - ساعتين,3,نعم,3,ساعة - ساعتين,3,4,ساعة - ساعتين,3,3,نعم,3,نعم,3,2,نعم,ربما,نعم,3,3,ربما,3,3,نعم,نعم,3,لا,3,2,نعم,3,3,3,تيسير الاستعلام ,ضرورة تواجد الأطباء بشكل دائم حيث يكون المريض متعب ,لا,2,نعم,2,2
10/10/2025 17:07:32,60 year - more,أنثى,قسم الطوارئ,نعم,مريض,3,دقيقة - 30 دقيقة,5,نعم,3,دقيقة - 30 دقيقة,5,3,دقيقة - 30 دقيقة,5,4,نعم,3,نعم,5,5,نعم,نعم,نعم,5,3,نعم,5,3,لا,لا,4,نعم,3,2,لا,4,3,3,الطبيب,التمريض,تحسين الاجور,3,لا,3,3
10/10/2025 17:30:30,40 year - 59 year,ذكر,إجراء فحوصات أو أشعة,نعم,مريض,3,دقيقة - 30 دقيقة,4,نعم,3,دقيقة - 30 دقيقة,3,3,دقيقة - 30 دقيقة,3,3,نعم,3,نعم,3,4,نعم,نعم,نعم,4,3,نعم,3,3,نعم,نعم,3,نعم,3,3,نعم,3,3,3,الطبيب,النظافة,تحسين الممرضات,3,لا,3,4
10/10/2025 19:37:27,18 year - 29 year,أنثى,كشف في عيادة خارجية,لا,مريض,4,4 ساعات - 6 ساعات,5,نعم,3,دقيقة - 30 دقيقة,4,4,دقيقة - 30 دقيقة,4,3,لا,4,نعم,5,4,نعم,نعم,نعم,5,5,نعم,5,4,نعم,نعم,4,نعم,4,5,نعم,5,4,2,الراحة و الهدوء,تعامل الممرضين,.,4,نعم,5,5
10/10/2025 22:13:35,18 year - 29 year,ذكر,تنويم (إقامة في المستشفى),نعم,مرافق,1,6 ساعات - 10 ساعات,3,لا,2,دقيقة - 30 دقيقة,1,1,دقيقة - 30 دقيقة,1,1,لا,1,لا,1,1,لا,لا,لا,1,2,لا,1,1,لا,لا,1,لا,1,1,نعم,2,1,1,هناك دكاتره محترمه لكن التمريض قمه في السوء ,التمريض والاهتمام بالمريخ ,الاهتمام بالمريض وإجراء الفحوصات في أسرع وقت ووجود رقابه جيده علي الكل بدايه من عامل النظافة حتي الدكتور,3,نعم,2,1
11/10/2025 06:50:11,30 year - 39 year,أنثى,قسم الطوارئ,لا,مريض,3,30 دقيقة - ساعة,3,نعم,2,دقيقة - 30 دقيقة,3,4,30 دقيقة - ساعة,2,2,لا,2,نعم,2,2,لا,ربما,لا,3,4,ربما,1,1,نعم,نعم,2,نعم,3,3,لا,3,3,3,لا يوجد ,التمريض,لا يوجد ,3,لا,5,5
11/10/2025 08:46:46,18 year - 29 year,أنثى,كشف في عيادة خارجية,نعم,مريض,4,دقيقة - 30 دقيقة,4,نعم,4,دقيقة - 30 دقيقة,4,4,دقيقة - 30 دقيقة,4,4,نعم,4,نعم,4,4,نعم,نعم,نعم,4,4,نعم,4,4,نعم,نعم,4,نعم,4,4,نعم,4,4,4,كل حاجه,مفيش,لا,4,نعم,4,4
11/10/2025 13:54:52,18 year - 29 year,أنثى,إجراء فحوصات أو أشعة,لا,مريض,5,دقيقة - 30 دقيقة,5,نعم,5,دقيقة - 30 دقيقة,5,5,دقيقة - 30 دقيقة,5,5,نعم,5,نعم,5,5,نعم,نعم,نعم,5,5,نعم,5,5,نعم,نعم,5,نعم,5,5,نعم,5,5,5,تقديم الخدمات على أكمل وجه ,لا يوجد,لا ,5,نعم,5,5
11/10/2025 13:57:54,40 year - 59 year,ذكر,كشف في عيادة خارجية,لا,مريض,4,30 دقيقة - ساعة,3,نعم,3,دقيقة - 30 دقيقة,3,5,ساعة - ساعتين,5,4,لا,4,نعم,3,4,نعم,نعم,نعم,5,4,نعم,2,3,نعم,نعم,4,نعم,3,5,نعم,4,5,5,تشخيص المرض وتحديد نوع العلاج المناسب اشعه وتحاليل وخلافه ,طاقم التمريض ومواعيد الأطباء ,العنايه بنظافة المستشفى داخلياً أكثر من خارجياً ,5,نعم,5,4
11/10/2025 14:14:06,40 year - 59 year,ذكر,كشف في عيادة خارجية,نعم,مريض,5,دقيقة - 30 دقيقة,5,نعم,5,دقيقة - 30 دقيقة,5,5,دقيقة - 30 دقيقة,5,5,نعم,5,نعم,5,5,نعم,نعم,نعم,5,5,نعم,5,5,نعم,نعم,5,نعم,5,5,نعم,,5,5,سرعة التشخيص والعلاج ,عدد أكبر من الاطباء,لا,5,لا,5,5
11/10/2025 14:29:06,40 year - 59 year,أنثى,كشف في عيادة خارجية,لا,ولى امر,4,ساعة - ساعتين,4,لا,4,دقيقة - 30 دقيقة,3,4,ساعة - ساعتين,3,3,لا,3,نعم,3,3,نعم,نعم,نعم,3,4,نعم,3,3,لا,نعم,4,نعم,3,3,نعم,3,3,3,قلة التكلفة,زيادة الإمكانيات الطبية,زيادة المخصص للأدوية والأجهزة الطبية,4,نعم,4,3
11/10/2025 14:46:45,40 year - 59 year,ذكر,كشف في عيادة خارجية,نعم,مريض,5,دقيقة - 30 دقيقة,4,نعم,5,دقيقة - 30 دقيقة,5,5,30 دقيقة - ساعة,5,5,نعم,5,نعم,5,5,نعم,نعم,نعم,5,5,نعم,5,5,نعم,نعم,5,لا,5,5,نعم,5,5,5,حسن المعامله,توافر الادويه الناقصه,لا,5,نعم,5,5
11/10/2025 14:57:13,40 year - 59 year,ذكر,قسم الطوارئ,لا,مريض,5,دقيقة - 30 دقيقة,3,نعم,3,دقيقة - 30 دقيقة,4,1,دقيقة - 30 دقيقة,2,2,لا,3,نعم,3,3,نعم,ربما,نعم,3,2,نعم,1,,نعم,نعم,3,نعم,3,5,نعم,5,3,2,الفحوصات,أستجابة التمريض,سمرا,5,نعم,2,2
11/10/2025 17:26:03,60 year - more,ذكر,كشف في عيادة خارجية,لا,مريض,4,دقيقة - 30 دقيقة,5,نعم,5,دقيقة - 30 دقيقة,5,4,دقيقة - 30 دقيقة,5,5,لا,5,نعم,5,5,نعم,نعم,نعم,5,4,نعم,4,5,نعم,نعم,5,نعم,5,5,نعم,5,5,5,سرعه الكشف عند الطبيب,زيادة عدد الموظفين ,مراعاة كبار السن ,5,لا,4,4
11/10/2025 18:04:00,40 year - 59 year,أنثى,إجراء فحوصات أو أشعة,نعم,مريض,5,دقيقة - 30 دقيقة,5,نعم,5,دقيقة - 30 دقيقة,5,5,دقيقة - 30 دقيقة,5,5,نعم,5,نعم,5,5,نعم,نعم,نعم,5,5,نعم,5,5,نعم,نعم,5,نعم,5,5,نعم,5,5,5,كل حاجه,كلو كويس,لا,5,نعم,5,5
11/10/2025 19:34:23,30 year - 39 year,ذكر,كشف في عيادة خارجية,نعم,مريض,1,ساعة - ساعتين,3,نعم,2,30 دقيقة - ساعة,4,4,دقيقة - 30 دقيقة,4,4,نعم,4,نعم,4,4,نعم,نعم,نعم,4,4,نعم,4,4,نعم,نعم,4,نعم,4,4,نعم,4,4,4,نظافه,جيد,لا,4,نعم,4,4
11/10/2025 20:31:49,18 year - 29 year,ذكر,كشف في عيادة خارجية,لا,مريض,3,30 دقيقة - ساعة,3,نعم,4,ساعة - ساعتين,4,5,ساعة - ساعتين,5,5,نعم,5,نعم,5,5,نعم,نعم,نعم,5,5,نعم,5,5,نعم,نعم,4,نعم,5,5,نعم,5,2,5,الطبيب,لا شئ,لا,5,نعم,5,5
11/10/2025 21:56:15,18 year - 29 year,ذكر,كشف في عيادة خارجية,لا,مرافق,3,30 دقيقة - ساعة,3,نعم,3,ساعة - ساعتين,3,3,ساعة - ساعتين,3,3,نعم,3,نعم,3,3,نعم,نعم,نعم,3,3,لا,3,3,نعم,نعم,3,نعم,1,3,نعم,3,3,3,ر,ر,ر,3,نعم,3,3
11/10/2025 22:45:29,18 year - 29 year,ذكر,عملية جراحية,نعم,مرافق,3,30 دقيقة - ساعة,2,نعم,2,دقيقة - 30 دقيقة,2,2,30 دقيقة - ساعة,2,3,نعم,3,نعم,3,4,نعم,نعم,نعم,4,5,نعم,4,4,نعم,نعم,5,نعم,4,4,نعم,4,3,3,اهتمام التمريض,سرعة استجابة الدكاتره مع المرضى,لا,4,نعم,5,5
11/10/2025 22:47:14,40 year - 59 year,ذكر,كشف في عيادة خارجية,لا,مريض,2,يومين - اكثر,1,لا,1,ساعة - ساعتين,2,1,30 دقيقة - ساعة,1,1,لا,1,لا,2,2,لا,لا,لا,1,2,لا,1,2,لا,لا,2,لا,2,2,لا,3,1,1,المشكله في الموظفين و العاملين يتعاملون مع الناس بطريقة سيءه جدا,الأطباء و الموظفين يحتاجون الي كيفيه التعامل مع المرضي,تحسين الرواتب ,2,نعم,2,1
12/10/2025 13:27:32,30 year - 39 year,ذكر,كشف في عيادة خارجية,نعم,ولى امر,4,ساعة - ساعتين,4,نعم,5,دقيقة - 30 دقيقة,5,5,30 دقيقة - ساعة,5,5,نعم,4,نعم,5,5,نعم,نعم,نعم,5,5,نعم,4,,نعم,نعم,5,نعم,5,5,نعم,,5,5,سرعة الاستجابة - الخدمة الممتازة - التعامل بافضل حالة مع نفسية المريض - التفاهم وتقديم المساعدة اللازمة - التشخيص الممتاز للحالة,مدة الانتظار للمرضى,العمل على تقليل مدة الانتظار,5,نعم,5,5
12/10/2025 14:16:55,18 year - 29 year,ذكر,قسم الطوارئ,لا,مرافق,2,دقيقة - 30 دقيقة,2,لا,1,دقيقة - 30 دقيقة,4,2,دقيقة - 30 دقيقة,1,1,نعم,2,نعم,3,2,نعم,نعم,نعم,2,1,نعم,1,1,نعم,نعم,1,نعم,2,1,لا,5,3,3,احترام ومعاملة الطاقم الطبى ,نظام دخول المرافقين وزيادة غرف الرعاية الصحية والعناية المركزة ,زيادة سرعة التنسيق بين المستشفيات وغرف الرعاية الصحية والعناية المركزة التابعة لوزارة الصحة لأن هناك بطء شديد قد يؤدى بحياة المريض قبل توفير الغرف ,2,نعم,2,2
12/10/2025 21:40:24,30 year - 39 year,أنثى,كشف في عيادة خارجية,نعم,مريض,2,دقيقة - 30 دقيقة,5,نعم,5,دقيقة - 30 دقيقة,3,4,دقيقة - 30 دقيقة,3,5,نعم,4,نعم,3,3,نعم,ربما,لا,3,4,نعم,3,3,لا,لا,3,لا,3,2,لا,4,3,3,الاحترام وحسن التعامل بين المريض والتمريض,عدم الانتظار كثيرا عند الكشف ,لا,3,لا,4,3
13/10/2025 10:01:51,18 year - 29 year,ذكر,قسم الطوارئ,لا,مريض,4,دقيقة - 30 دقيقة,4,نعم,4,دقيقة - 30 دقيقة,4,4,دقيقة - 30 دقيقة,3,4,نعم,4,لا,3,4,لا,نعم,نعم,4,4,لا,4,4,نعم,نعم,4,نعم,4,4,نعم,4,4,1,شعور الاطمئنان,الرعاية الصحية الحكومية,لا,5,نعم,5,5
13/10/2025 10:10:42,30 year - 39 year,ذكر,إجراء فحوصات أو أشعة,لا,مرافق,4,30 دقيقة - ساعة,4,نعم,3,30 دقيقة - ساعة,3,4,30 دقيقة - ساعة,3,3,نعم,3,نعم,3,3,نعم,نعم,نعم,4,3,نعم,3,1,نعم,نعم,3,نعم,3,3,نعم,3,3,2,Thank you,Thank you,Thank you,3,لا,3,3
13/10/2025 13:45:54,18 year - 29 year,أنثى,إجراء فحوصات أو أشعة,نعم,مريض,4,16 ساعة - يوم,3,نعم,4,30 دقيقة - ساعة,4,5,30 دقيقة - ساعة,3,3,لا,4,نعم,4,5,نعم,ربما,لا,4,4,نعم,3,,نعم,نعم,3,نعم,3,2,لا,3,4,4,النظام,سرعه التجاوب من الممرضين,لا شكرا,4,لا,3,3
13/10/2025 16:05:57,30 year - 39 year,ذكر,كشف في عيادة خارجية,لا,مريض,5,16 ساعة - يوم,5,نعم,5,دقيقة - 30 دقيقة,5,5,30 دقيقة - ساعة,5,5,لا,3,نعم,5,5,نعم,نعم,نعم,4,5,نعم,5,5,نعم,نعم,4,نعم,5,5,نعم,5,5,5,تم وصف الدواء المناسب لي.,زيادة عدد المقاعد.,لا يوجد.,5,نعم,5,4
13/10/2025 20:05:26,30 year - 39 year,ذكر,عملية جراحية,نعم,مريض,5,ساعة - ساعتين,5,نعم,1,ساعة - ساعتين,3,2,ساعة - ساعتين,5,5,لا,4,نعم,4,5,نعم,نعم,نعم,5,4,نعم,2,,نعم,نعم,5,نعم,2,4,لا,,4,2,الدكتور شاطر,موظف الاستقبال وغرفة الاستقبال,لا,3,نعم,2,4
13/10/2025 22:16:19,18 year - 29 year,أنثى,كشف في عيادة خارجية,لا,مريض,2,يومين - اكثر,4,نعم,4,30 دقيقة - ساعة,3,3,ساعتين - 4 ساعات,3,3,نعم,5,نعم,5,4,نعم,نعم,نعم,5,4,نعم,2,,لا,نعم,4,نعم,1,5,,,3,3,راحة اني بعد الكشف اتطمنت ع نفسي,الوقت لاني اتحولت من الصحة للمستشفي وادوني معاد بعد اسبوعين فكنت خايفة طول الفترة ان الوجع لو راح كده هياثر ف الأشعة ,الناس ف الصحة كانوا احسن من المستشفي,5,لا,3,1
13/10/2025 22:59:41,40 year - 59 year,ذكر,إجراء فحوصات أو أشعة,لا,مريض,1,4 ساعات - 6 ساعات,1,نعم,5,4 ساعات - 6 ساعات,5,3,ساعة - ساعتين,3,3,نعم,3,نعم,3,5,نعم,ربما,نعم,3,3,ربما,3,3,لا,نعم,3,لا,3,3,لا,3,3,3,العلاج الشهري من مستشفى الهيئه القوميه شقق حديد مصر,الاهتمام بكبار السن وصحتهم في مستشفى الهيئه القوميه للشقق حديد مصر,مراعاه القمر السن في صرف العلاج الشهري من مستشفى الهيئه القوميه للاسكان,3,نعم,3,4
14/10/2025 06:57:54,18 year - 29 year,أنثى,إجراء فحوصات أو أشعة,لا,مريض,5,ساعتين - 4 ساعات,5,لا,1,ساعة - ساعتين,4,2,30 دقيقة - ساعة,3,2,لا,3,نعم,4,4,لا,نعم,نعم,5,4,لا,1,,لا,نعم,4,نعم,4,5,,,3,2,الطبيب ,"طريقة التعامل، عدد ساعات الانتظار",َ,4,لا,4,2
14/10/2025 18:30:55,18 year - 29 year,أنثى,كشف في عيادة خارجية,نعم,مرافق,3,دقيقة - 30 دقيقة,3,لا,3,دقيقة - 30 دقيقة,3,3,دقيقة - 30 دقيقة,3,3,نعم,3,نعم,3,3,نعم,نعم,نعم,4,3,نعم,3,3,نعم,نعم,3,نعم,3,3,نعم,3,3,3,شرح الطبيب لحالتي ,النظافه في دورات المياه والممرات,لا,3,لا,3,3
14/10/2025 19:14:39,18 year - 29 year,أنثى,كشف في عيادة خارجية,لا,مريض,3,4 ساعات - 6 ساعات,1,لا,2,دقيقة - 30 دقيقة,1,3,ساعة - ساعتين,1,1,لا,3,نعم,4,5,نعم,نعم,نعم,5,5,نعم,1,1,لا,نعم,4,نعم,5,1,لا,1,3,3,لا شي,الاهتمام بالمريض اكثر ,..,1,لا,5,1
14/10/2025 20:55:01,40 year - 59 year,أنثى,كشف في عيادة خارجية,نعم,ولى امر,5,دقيقة - 30 دقيقة,4,نعم,5,30 دقيقة - ساعة,4,5,دقيقة - 30 دقيقة,4,5,نعم,5,نعم,5,5,نعم,نعم,نعم,4,5,نعم,5,5,نعم,نعم,5,نعم,5,5,نعم,,5,5,الخدمه المميزه,ولا حاحه,لا الحمدلله ,5,نعم,5,5
14/10/2025 21:14:28,40 year - 59 year,أنثى,كشف في عيادة خارجية,لا,ولى امر,5,دقيقة - 30 دقيقة,5,نعم,4,دقيقة - 30 دقيقة,2,3,30 دقيقة - ساعة,3,4,لا,4,نعم,3,3,نعم,ربما,نعم,4,4,لا,4,4,نعم,نعم,3,نعم,4,4,نعم,4,4,3,الوقت ,عدد الدكاترة ووجود علاج ,وجود علاج والسعر يكون مناسب للجميع,3,لا,4,2
14/10/2025 22:44:05,30 year - 39 year,أنثى,كشف في عيادة خارجية,لا,مرافق,4,10 ساعات - 16 ساعة,3,نعم,4,30 دقيقة - ساعة,3,4,30 دقيقة - ساعة,4,4,نعم,4,نعم,4,4,نعم,نعم,نعم,4,4,نعم,3,3,نعم,نعم,4,نعم,3,3,نعم,3,3,3,الرعاية والاهتمام ,الانتظار ,لا شكرا ,3,نعم,3,3
14/10/2025 23:03:18,40 year - 59 year,أنثى,كشف في عيادة خارجية,نعم,مرافق,5,30 دقيقة - ساعة,1,نعم,5,دقيقة - 30 دقيقة,5,5,30 دقيقة - ساعة,4,4,نعم,4,نعم,4,5,نعم,نعم,نعم,5,4,نعم,3,4,نعم,نعم,4,نعم,4,5,نعم,5,4,4,معاملة الطبيب,دورات المياه,لا,5,لا,5,4
14/10/2025 23:23:29,30 year - 39 year,أنثى,كشف في عيادة خارجية,نعم,مرافق,5,30 دقيقة - ساعة,3,نعم,3,30 دقيقة - ساعة,3,3,30 دقيقة - ساعة,3,3,نعم,2,نعم,2,2,نعم,نعم,نعم,2,2,نعم,3,2,نعم,نعم,2,نعم,3,4,نعم,3,4,4,لا شئ,لا شئ,لا,2,نعم,3,3
14/10/2025 23:28:18,30 year - 39 year,أنثى,كشف في عيادة خارجية,لا,مريض,5,30 دقيقة - ساعة,4,نعم,4,ساعتين - 4 ساعات,5,4,30 دقيقة - ساعة,5,4,نعم,3,نعم,4,5,نعم,نعم,نعم,5,5,نعم,5,4,نعم,نعم,5,نعم,5,5,نعم,5,4,3,النظافه,دورات المياه ,لا,5,نعم,5,3
15/10/2025 00:06:18,30 year - 39 year,أنثى,إجراء فحوصات أو أشعة,نعم,ولى امر,4,30 دقيقة - ساعة,4,نعم,4,دقيقة - 30 دقيقة,4,2,دقيقة - 30 دقيقة,4,4,لا,4,لا,3,4,نعم,نعم,نعم,4,3,ربما,3,3,لا,نعم,3,نعم,3,3,لا,3,4,4,سرعة الاسعاف  و توسط الاسعار,الطواري والعيادات الخارجية ودورات المياه,شكرا لجهودكم,3,لا,3,2
15/10/2025 03:58:31,40 year - 59 year,أنثى,كشف في عيادة خارجية,نعم,مرافق,4,30 دقيقة - ساعة,4,نعم,5,30 دقيقة - ساعة,4,4,30 دقيقة - ساعة,4,4,نعم,4,نعم,5,5,نعم,نعم,نعم,4,4,نعم,3,4,نعم,نعم,4,نعم,4,4,نعم,4,4,3,معاملة الطبيب,دورات المياه,لا,5,لا,4,3
15/10/2025 04:00:39,18 year - 29 year,ذكر,كشف في عيادة خارجية,نعم,مريض,5,16 ساعة - يوم,5,نعم,4,دقيقة - 30 دقيقة,5,5,30 دقيقة - ساعة,4,5,لا,5,نعم,5,5,نعم,نعم,نعم,5,5,نعم,4,5,نعم,نعم,5,نعم,5,5,نعم,5,5,5,العلاج ,لا شي ,لا,4,نعم,5,5
15/10/2025 04:07:01,40 year - 59 year,أنثى,كشف في عيادة خارجية,نعم,مرافق,4,دقيقة - 30 دقيقة,5,نعم,4,دقيقة - 30 دقيقة,4,4,30 دقيقة - ساعة,4,4,نعم,4,نعم,5,5,نعم,نعم,نعم,4,4,نعم,4,4,نعم,نعم,4,نعم,4,4,نعم,4,4,4,معاملة الطبيب,دورات المياه,لا,5,لا,4,3
15/10/2025 04:48:48,40 year - 59 year,أنثى,كشف في عيادة خارجية,لا,مرافق,4,16 ساعة - يوم,4,نعم,4,ساعة - ساعتين,4,3,30 دقيقة - ساعة,4,4,لا,3,نعم,4,4,نعم,نعم,نعم,4,3,نعم,4,3,نعم,نعم,4,نعم,4,4,نعم,3,4,4,وجود كل التخصصات في المستشفى ,النظافة  الاهتمام   حسن المعاملة ,نتمني الاهتمام بجميع المجالات ,4,لا,3,3
15/10/2025 06:10:37,40 year - 59 year,أنثى,كشف في عيادة خارجية,نعم,مرافق,3,ساعة - ساعتين,3,نعم,3,ساعة - ساعتين,2,3,ساعة - ساعتين,3,3,نعم,3,نعم,3,3,نعم,ربما,نعم,3,3,نعم,3,3,نعم,نعم,3,نعم,3,3,نعم,3,4,3,الاعتناء المريض,توفير الأدوية التي يحتاجها المريض ,لا,3,نعم,3,3
15/10/2025 06:37:30,30 year - 39 year,أنثى,كشف في عيادة خارجية,نعم,مرافق,3,ساعة - ساعتين,3,نعم,3,دقيقة - 30 دقيقة,3,3,30 دقيقة - ساعة,3,3,لا,3,نعم,3,3,لا,نعم,نعم,3,3,نعم,3,3,نعم,نعم,3,نعم,3,3,لا,3,3,3,لا ,لا,لا,3,نعم,3,3
15/10/2025 06:57:19,18 year - 29 year,أنثى,كشف في عيادة خارجية,نعم,ولى امر,1,دقيقة - 30 دقيقة,5,نعم,3,دقيقة - 30 دقيقة,5,5,دقيقة - 30 دقيقة,5,5,نعم,5,نعم,5,5,نعم,نعم,نعم,5,4,نعم,3,5,لا,نعم,5,نعم,5,5,نعم,5,5,5,الممرضين,الامن,لا,3,لا,4,1
15/10/2025 08:31:26,18 year - 29 year,ذكر,كشف في عيادة خارجية,نعم,مريض,5,6 ساعات - 10 ساعات,5,نعم,5,10 ساعات - 16 ساعة,5,5,10 ساعات - 16 ساعة,5,5,نعم,4,نعم,4,4,نعم,نعم,نعم,5,5,نعم,5,5,نعم,نعم,5,نعم,5,5,نعم,5,5,5,... ,... ,... ,5,نعم,5,
15/10/2025 09:54:21,30 year - 39 year,أنثى,قسم الطوارئ,لا,ولى امر,5,دقيقة - 30 دقيقة,3,لا,4,دقيقة - 30 دقيقة,4,4,دقيقة - 30 دقيقة,4,4,نعم,4,نعم,5,4,نعم,ربما,نعم,4,5,نعم,4,,نعم,نعم,4,نعم,4,5,,,4,3,حسن المعاملة,تطوير ,تطوير النشاة من ادولت وخدمات,4,لا,5,4
15/10/2025 10:09:50,18 year - 29 year,أنثى,كشف في عيادة خارجية,لا,مرافق,2,دقيقة - 30 دقيقة,2,نعم,3,دقيقة - 30 دقيقة,3,4,دقيقة - 30 دقيقة,3,4,نعم,3,نعم,3,3,نعم,نعم,نعم,4,4,نعم,3,3,نعم,نعم,4,نعم,3,4,نعم,3,3,3,التمريض,لاشئ,لا,4,نعم,4,3
15/10/2025 10:28:13,18 year - 29 year,ذكر,كشف في عيادة خارجية,نعم,ولى امر,1,30 دقيقة - ساعة,3,نعم,2,ساعة - ساعتين,2,5,دقيقة - 30 دقيقة,1,1,نعم,1,نعم,2,2,لا,لا,لا,3,5,نعم,5,5,نعم,نعم,1,لا,5,1,نعم,5,5,3,المنجه,مش عارف ,لا اعد ساكت ,2,نعم,5,5
15/10/2025 12:22:02,18 year - 29 year,ذكر,كشف في عيادة خارجية,لا,مريض,2,ساعة - ساعتين,2,نعم,1,دقيقة - 30 دقيقة,1,1,دقيقة - 30 دقيقة,5,5,نعم,5,نعم,5,3,نعم,نعم,نعم,3,4,لا,3,4,نعم,نعم,3,نعم,3,3,نعم,3,2,4,الفحوصات ,تمام,تمام,4,نعم,3,4
15/10/2025 13:07:13,40 year - 59 year,ذكر,قسم الطوارئ,لا,مريض,4,30 دقيقة - ساعة,4,نعم,4,30 دقيقة - ساعة,4,5,30 دقيقة - ساعة,4,4,نعم,4,نعم,4,4,نعم,نعم,نعم,4,4,نعم,4,4,نعم,نعم,4,نعم,3,4,نعم,4,4,3,الاهتمام ,الإمكانيات ,شكرا ,4,نعم,4,4
15/10/2025 13:20:20,30 year - 39 year,ذكر,كشف في عيادة خارجية,لا,مريض,2,ساعة - ساعتين,3,نعم,3,دقيقة - 30 دقيقة,3,5,30 دقيقة - ساعة,3,4,لا,3,نعم,5,5,نعم,نعم,نعم,5,4,ربما,5,,نعم,نعم,5,نعم,3,5,نعم,3,4,1,لا شئ,كل حاجة,كل شئ,3,نعم,4,3
15/10/2025 13:23:39,30 year - 39 year,ذكر,قسم الطوارئ,نعم,مريض,5,دقيقة - 30 دقيقة,5,نعم,5,دقيقة - 30 دقيقة,5,5,دقيقة - 30 دقيقة,5,5,نعم,5,نعم,5,5,نعم,نعم,نعم,5,5,نعم,5,5,نعم,نعم,5,نعم,5,5,نعم,5,5,5,النظام وسهولة ,مفيش حاجه بالنسبالي,لا,5,نعم,5,5
15/10/2025 15:42:48,40 year - 59 year,أنثى,كشف في عيادة خارجية,نعم,ولى امر,2,6 ساعات - 10 ساعات,5,نعم,3,ساعة - ساعتين,4,3,6 ساعات - 10 ساعات,3,2,لا,4,نعم,3,1,لا,لا,لا,3,3,ربما,2,3,نعم,نعم,3,لا,3,3,لا,3,3,3,للأسف وجدت ,تنظيم الاستقبال وحجز الدور,"توفير مكان للمريض الذي لا يستطيع الجلوس 
مراعاة المرضى من قبل الأطباء بالالتزام بالمواعيد
ومن قبل الممرضين بحسن التعامل وعدم الشدة مع المرضى ومراعاة ظروفهم الصحية
تصليح أجهزة الأشعة ورسم المخ والرنين والحرص على سلامتها دائما 

مهم جدا عدم تعقيد إجراءات التأمين واستقبال المريض وعمل الازم لما يحتاجة فورا فلا تؤجل العمليات الفورية أبدا من أجل إجراءات التأمين
وجزاكم الله خيرا وحفظكم الله وحفظ مصر وجميع بلاد المسلمين

",2,لا,3,3
15/10/2025 16:07:19,40 year - 59 year,ذكر,كشف في عيادة خارجية,نعم,مريض,3,ساعة - ساعتين,5,نعم,3,30 دقيقة - ساعة,3,3,30 دقيقة - ساعة,4,5,نعم,3,نعم,4,5,نعم,نعم,نعم,5,3,نعم,3,5,نعم,نعم,3,نعم,5,5,نعم,5,5,3,كل شيء تمام,تنظيم الزحام,لا,3,لا,5,5
15/10/2025 19:20:16,18 year - 29 year,أنثى,كشف في عيادة خارجية,لا,مريض,2,30 دقيقة - ساعة,5,نعم,4,دقيقة - 30 دقيقة,5,5,30 دقيقة - ساعة,4,3,نعم,3,نعم,5,5,نعم,نعم,نعم,5,5,نعم,4,3,نعم,نعم,4,نعم,3,4,نعم,4,4,4,الاهتمام و الرعاية الطبية المقدمة و الاهتمام بالتفاصيل ,الحرص على تلبية جميع احتياجات المريض,توفير أطباء و ممرضين بشكل كافي,3,لا,5,4
15/10/2025 20:55:25,12 years - 17 year,أنثى,قسم الطوارئ,نعم,مريض,4,ساعة - ساعتين,5,نعم,5,دقيقة - 30 دقيقة,3,4,30 دقيقة - ساعة,5,4,لا,3,نعم,3,5,نعم,نعم,نعم,3,4,نعم,3,2,نعم,نعم,3,نعم,4,3,نعم,3,3,3,كل شئ كان جيد,المواعيد,بالتوفيق,3,نعم,4,5
16/10/2025 01:48:55,18 year - 29 year,ذكر,كشف في عيادة خارجية,لا,مرافق,3,30 دقيقة - ساعة,1,نعم,4,دقيقة - 30 دقيقة,3,4,30 دقيقة - ساعة,4,4,نعم,4,نعم,4,4,نعم,ربما,نعم,4,5,نعم,3,4,نعم,نعم,3,نعم,3,4,نعم,4,4,3,الراحة,الهدوء ,لا,4,نعم,4,3
16/10/2025 12:47:28,60 year - more,ذكر,كشف في عيادة خارجية,لا,مريض,2,ساعة - ساعتين,4,نعم,2,30 دقيقة - ساعة,2,1,ساعة - ساعتين,1,1,لا,2,لا,2,2,لا,لا,لا,2,2,ربما,1,2,نعم,نعم,2,لا,2,2,لا,3,2,2,الوصول للمستشفي لانه قريب من سكني,تنظيم العمل.  الاهتمام بالنظافة.   ,اختيار فريق عمل متعاون بكل المنظومة ,2,لا,2,2
16/10/2025 14:19:25,40 year - 59 year,أنثى,إجراء فحوصات أو أشعة,لا,مرافق,5,30 دقيقة - ساعة,5,نعم,3,دقيقة - 30 دقيقة,4,3,ساعة - ساعتين,4,4,نعم,4,نعم,4,4,نعم,نعم,نعم,5,4,نعم,2,,نعم,نعم,3,نعم,4,4,,,4,4,لا شيء ,طول فترة انتظار الطبيب,لا ,4,نعم,4,4
18/10/2025 06:59:17,18 year - 29 year,ذكر,إجراء فحوصات أو أشعة,لا,مريض,4,ساعة - ساعتين,3,لا,4,دقيقة - 30 دقيقة,3,3,دقيقة - 30 دقيقة,3,4,نعم,4,نعم,4,4,نعم,نعم,نعم,4,4,نعم,4,3,نعم,نعم,4,نعم,3,3,نعم,4,4,4,الطبيب,الانتظار,لا,3,نعم,3,4
19/10/2025 00:53:55,60 year - more,أنثى,إجراء فحوصات أو أشعة,نعم,مرافق,3,30 دقيقة - ساعة,1,نعم,2,دقيقة - 30 دقيقة,1,4,دقيقة - 30 دقيقة,1,1,نعم,5,نعم,1,3,نعم,نعم,لا,2,2,نعم,1,1,نعم,نعم,1,نعم,1,2,نعم,1,2,2,المواعيد,معامله البشر,لا,1,لا,3,3
19/10/2025 00:54:40,30 year - 39 year,أنثى,كشف في عيادة خارجية,نعم,مريض,2,30 دقيقة - ساعة,1,لا,3,ساعة - ساعتين,1,1,دقيقة - 30 دقيقة,1,2,نعم,2,نعم,1,1,نعم,نعم,نعم,1,1,نعم,1,1,نعم,نعم,1,نعم,4,1,نعم,1,2,2,"الراحه
",النظافه,لا,1,نعم,1,2
19/10/2025 00:57:30,30 year - 39 year,ذكر,كشف في عيادة خارجية,لا,مريض,3,30 دقيقة - ساعة,1,لا,2,ساعة - ساعتين,1,2,يومين - اكثر,1,4,لا,2,لا,4,3,نعم,نعم,نعم,2,2,لا,5,5,لا,نعم,3,لا,4,1,نعم,1,1,4,الراحه,لا,لا,1,نعم,3,3
19/10/2025 01:00:52,18 year - 29 year,ذكر,إجراء فحوصات أو أشعة,نعم,مرافق,5,ساعة - ساعتين,3,نعم,3,ساعة - ساعتين,2,2,30 دقيقة - ساعة,3,2,نعم,4,نعم,3,4,نعم,نعم,نعم,4,3,ربما,3,2,نعم,نعم,3,نعم,3,3,نعم,4,3,3,التعامل الجيد ,صعوبت التواصل ,التواصول,3,نعم,4,2
19/10/2025 22:03:10,30 year - 39 year,أنثى,كشف في عيادة خارجية,نعم,مريض,4,30 دقيقة - ساعة,4,نعم,5,دقيقة - 30 دقيقة,5,5,30 دقيقة - ساعة,5,5,نعم,5,نعم,5,5,نعم,نعم,نعم,5,4,نعم,5,5,نعم,نعم,5,نعم,5,5,نعم,5,5,5,الاهتمام,لايوجد,لايوجد ,5,لا,5,5
19/10/2025 22:14:45,18 year - 29 year,أنثى,كشف في عيادة خارجية,نعم,مرافق,4,دقيقة - 30 دقيقة,5,نعم,5,دقيقة - 30 دقيقة,5,5,دقيقة - 30 دقيقة,5,5,نعم,5,نعم,5,5,نعم,نعم,نعم,5,5,نعم,4,5,نعم,نعم,5,نعم,5,5,نعم,5,5,5,طريقة التعامل,لا عارف,لا,5,نعم,5,5
20/10/2025 16:10:16,18 year - 29 year,ذكر,تنويم (إقامة في المستشفى),نعم,مريض,1,ساعة - ساعتين,3,نعم,5,ساعتين - 4 ساعات,5,1,4 ساعات - 6 ساعات,5,3,نعم,3,لا,3,2,نعم,لا,نعم,3,5,لا,3,2,نعم,نعم,2,لا,3,3,نعم,4,2,2,جميل,جميل,جميل,5,نعم,3,3
23/10/2025 00:35:36,18 year - 29 year,أنثى,إجراء فحوصات أو أشعة,لا,مريض,2,ساعتين - 4 ساعات,5,نعم,4,دقيقة - 30 دقيقة,4,4,ساعتين - 4 ساعات,2,3,لا,3,نعم,4,4,نعم,نعم,نعم,3,4,نعم,3,,نعم,نعم,3,لا,3,3,نعم,3,3,2,تلقي المعلومات ,وقت الانتظار للدخول الى الطبيب,لا,2,لا,4,4
26/10/2025 02:04:17,18 year - 29 year,ذكر,كشف في عيادة خارجية,لا,مريض,1,ساعتين - 4 ساعات,5,نعم,5,دقيقة - 30 دقيقة,5,3,ساعتين - 4 ساعات,4,3,لا,5,نعم,5,3,نعم,نعم,نعم,5,4,نعم,5,1,نعم,نعم,5,لا,3,3,لا,5,4,4,X,X,X,4,لا,4,3
26/10/2025 12:19:57,18 year - 29 year,ذكر,إجراء فحوصات أو أشعة,لا,مريض,4,30 دقيقة - ساعة,5,لا,2,دقيقة - 30 دقيقة,4,1,30 دقيقة - ساعة,1,2,لا,2,نعم,3,3,لا,ربما,نعم,3,3,نعم,4,,نعم,لا,2,نعم,1,3,,,2,2,كل كان زي الزفت,التعامل و قسم الطواري,لا,4,لا,3,3
